id_row,y_coord,z_coord_,x_min,x_max,row_has_pores,number_of_pores_in_row,width_row,number_non_void_cells_in_row
0,0.00024,0.000125,0.00014,0.00016,False,0,2e-05,4
1,0.00024,0.00013,0.000125,0.00017,False,0,4.5e-05,9
2,0.00024,0.000135,0.00012,0.00018,False,0,6e-05,12
3,0.00024,0.00014,0.000115,0.000185,False,0,7e-05,14
4,0.00024,0.000145,0.00011,0.000185,False,0,7.5e-05,15
5,0.00024,0.00015,0.00011,0.00019,False,0,8e-05,16
6,0.00024,0.000155,0.000105,0.00019,False,0,8.5e-05,17
7,0.00024,0.00016,0.000105,0.000195,False,0,9e-05,18
8,0.00024,0.000165,0.000105,0.000195,False,0,9e-05,18
9,0.00024,0.00017,0.0001,0.000195,False,0,9.5e-05,19
10,0.00024,0.000175,0.0001,0.000195,False,0,9.5e-05,19
11,0.00024,0.00018,0.0001,0.0002,False,0,0.0001,20
12,0.00024,0.000185,0.0001,0.0002,False,0,0.0001,20
13,0.00024,0.00019,9.5e-05,0.0002,False,0,0.000105,21
14,0.00024,0.000195,9.5e-05,0.000205,False,0,0.00011,22
15,0.00024,0.0002,9e-05,0.000205,False,0,0.000115,23
16,0.00024,0.000205,9e-05,0.00021,False,0,0.00012,24
17,0.00024,0.00021,9e-05,0.00021,False,0,0.00012,24
18,0.00024,0.000215,9e-05,0.00021,False,0,0.00012,24
19,0.00024,0.00022,8.5e-05,0.00021,False,0,0.000125,25
20,0.00024,0.000225,8e-05,0.000215,False,0,0.000135,27
21,0.00024,0.00023,8e-05,0.000215,False,0,0.000135,27
22,0.00024,0.000235,8e-05,0.00022,False,0,0.00014,28
23,0.00024,0.00024,8e-05,0.00022,False,0,0.00014,28
24,0.00024,0.000245,8e-05,0.00022,False,0,0.00014,28
25,0.00024,0.00025,7.5e-05,0.00022,False,0,0.000145,29
26,0.00024,0.000255,7.5e-05,0.000225,False,0,0.00015,30
27,0.00024,0.00026,7.5e-05,0.000225,False,0,0.00015,30
28,0.00024,0.000265,8e-05,0.00022,True,3,0.00014,25
29,0.00024,0.00027,0.000125,0.0002,False,0,7.5e-05,15
30,0.00024,0.000275,0.00014,0.00019,False,0,5e-05,10
31,0.00024,0.00028,0.00013,0.000135,False,0,5e-06,1
32,0.00024,0.000285,0.00013,0.000135,False,0,5e-06,1
33,0.000245,0.000125,0.00014,0.000165,False,0,2.5e-05,5
34,0.000245,0.00013,0.000125,0.000175,False,0,5e-05,10
35,0.000245,0.000135,0.00012,0.00018,False,0,6e-05,12
36,0.000245,0.00014,0.000115,0.000185,False,0,7e-05,14
37,0.000245,0.000145,0.00011,0.000185,False,0,7.5e-05,15
38,0.000245,0.00015,0.00011,0.00019,False,0,8e-05,16
39,0.000245,0.000155,0.000105,0.00019,False,0,8.5e-05,17
40,0.000245,0.00016,0.000105,0.000195,False,0,9e-05,18
41,0.000245,0.000165,0.000105,0.000195,False,0,9e-05,18
42,0.000245,0.00017,0.0001,0.000195,False,0,9.5e-05,19
43,0.000245,0.000175,0.0001,0.000195,False,0,9.5e-05,19
44,0.000245,0.00018,0.0001,0.0002,False,0,0.0001,20
45,0.000245,0.000185,9.5e-05,0.0002,False,0,0.000105,21
46,0.000245,0.00019,9.5e-05,0.0002,False,0,0.000105,21
47,0.000245,0.000195,9.5e-05,0.000205,False,0,0.00011,22
48,0.000245,0.0002,9e-05,0.000205,False,0,0.000115,23
49,0.000245,0.000205,9e-05,0.000205,False,0,0.000115,23
50,0.000245,0.00021,9e-05,0.00021,False,0,0.00012,24
51,0.000245,0.000215,9e-05,0.00021,False,0,0.00012,24
52,0.000245,0.00022,8.5e-05,0.00021,False,0,0.000125,25
53,0.000245,0.000225,8e-05,0.000215,False,0,0.000135,27
54,0.000245,0.00023,8e-05,0.000215,False,0,0.000135,27
55,0.000245,0.000235,8e-05,0.00022,False,0,0.00014,28
56,0.000245,0.00024,8e-05,0.00022,False,0,0.00014,28
57,0.000245,0.000245,8e-05,0.00022,False,0,0.00014,28
58,0.000245,0.00025,8e-05,0.00022,False,0,0.00014,28
59,0.000245,0.000255,7.5e-05,0.00022,False,0,0.000145,29
60,0.000245,0.00026,7.5e-05,0.00022,False,0,0.000145,29
61,0.000245,0.000265,8e-05,0.00022,True,4,0.00014,24
62,0.000245,0.00027,0.00013,0.000205,False,0,7.5e-05,15
63,0.000245,0.000275,0.000145,0.00019,False,0,4.5e-05,9
64,0.000245,0.00028,0.00013,0.000135,False,0,5e-06,1
65,0.000245,0.000285,0.00013,0.000135,False,0,5e-06,1
66,0.00025,0.000125,0.000135,0.000165,False,0,3e-05,6
67,0.00025,0.00013,0.000125,0.000175,False,0,5e-05,10
68,0.00025,0.000135,0.00012,0.00018,False,0,6e-05,12
69,0.00025,0.00014,0.000115,0.000185,False,0,7e-05,14
70,0.00025,0.000145,0.00011,0.000185,False,0,7.5e-05,15
71,0.00025,0.00015,0.00011,0.00019,False,0,8e-05,16
72,0.00025,0.000155,0.000105,0.00019,False,0,8.5e-05,17
73,0.00025,0.00016,0.000105,0.00019,False,0,8.5e-05,17
74,0.00025,0.000165,0.000105,0.000195,False,0,9e-05,18
75,0.00025,0.00017,0.0001,0.000195,False,0,9.5e-05,19
76,0.00025,0.000175,0.0001,0.000195,False,0,9.5e-05,19
77,0.00025,0.00018,0.0001,0.0002,False,0,0.0001,20
78,0.00025,0.000185,9.5e-05,0.0002,False,0,0.000105,21
79,0.00025,0.00019,9.5e-05,0.0002,False,0,0.000105,21
80,0.00025,0.000195,9.5e-05,0.000205,False,0,0.00011,22
81,0.00025,0.0002,9e-05,0.000205,False,0,0.000115,23
82,0.00025,0.000205,9e-05,0.000205,False,0,0.000115,23
83,0.00025,0.00021,9e-05,0.00021,False,0,0.00012,24
84,0.00025,0.000215,8.5e-05,0.00021,False,0,0.000125,25
85,0.00025,0.00022,8.5e-05,0.00021,False,0,0.000125,25
86,0.00025,0.000225,8e-05,0.000215,False,0,0.000135,27
87,0.00025,0.00023,8e-05,0.000215,False,0,0.000135,27
88,0.00025,0.000235,8e-05,0.00022,False,0,0.00014,28
89,0.00025,0.00024,8e-05,0.00022,False,0,0.00014,28
90,0.00025,0.000245,8e-05,0.00022,False,0,0.00014,28
91,0.00025,0.00025,7.5e-05,0.00022,False,0,0.000145,29
92,0.00025,0.000255,7.5e-05,0.00022,False,0,0.000145,29
93,0.00025,0.00026,7.5e-05,0.00022,False,0,0.000145,29
94,0.00025,0.000265,0.00012,0.00022,False,0,0.0001,20
95,0.00025,0.00027,0.00013,0.000205,False,0,7.5e-05,15
96,0.00025,0.000275,0.000145,0.000195,False,0,5e-05,10
97,0.00025,0.00028,0.00013,0.000135,False,0,5e-06,1
98,0.00025,0.000285,0.00013,0.000135,False,0,5e-06,1
99,0.000255,0.000125,0.000135,0.000165,False,0,3e-05,6
100,0.000255,0.00013,0.000125,0.000175,False,0,5e-05,10
101,0.000255,0.000135,0.00012,0.00018,False,0,6e-05,12
102,0.000255,0.00014,0.000115,0.000185,False,0,7e-05,14
103,0.000255,0.000145,0.00011,0.000185,False,0,7.5e-05,15
104,0.000255,0.00015,0.00011,0.00019,False,0,8e-05,16
105,0.000255,0.000155,0.000105,0.00019,False,0,8.5e-05,17
106,0.000255,0.00016,0.000105,0.00019,False,0,8.5e-05,17
107,0.000255,0.000165,0.000105,0.000195,False,0,9e-05,18
108,0.000255,0.00017,0.0001,0.000195,False,0,9.5e-05,19
109,0.000255,0.000175,0.0001,0.000195,False,0,9.5e-05,19
110,0.000255,0.00018,0.0001,0.0002,False,0,0.0001,20
111,0.000255,0.000185,9.5e-05,0.0002,False,0,0.000105,21
112,0.000255,0.00019,9.5e-05,0.0002,False,0,0.000105,21
113,0.000255,0.000195,9.5e-05,0.000205,False,0,0.00011,22
114,0.000255,0.0002,9e-05,0.000205,False,0,0.000115,23
115,0.000255,0.000205,9e-05,0.000205,False,0,0.000115,23
116,0.000255,0.00021,9e-05,0.00021,False,0,0.00012,24
117,0.000255,0.000215,8.5e-05,0.00021,False,0,0.000125,25
118,0.000255,0.00022,8.5e-05,0.00021,False,0,0.000125,25
119,0.000255,0.000225,8.5e-05,0.000215,False,0,0.00013,26
120,0.000255,0.00023,8e-05,0.000215,False,0,0.000135,27
121,0.000255,0.000235,8e-05,0.00022,False,0,0.00014,28
122,0.000255,0.00024,8e-05,0.00022,False,0,0.00014,28
123,0.000255,0.000245,8e-05,0.00022,False,0,0.00014,28
124,0.000255,0.00025,7.5e-05,0.00022,False,0,0.000145,29
125,0.000255,0.000255,7.5e-05,0.00022,False,0,0.000145,29
126,0.000255,0.00026,8e-05,0.000225,False,0,0.000145,29
127,0.000255,0.000265,0.00012,0.000225,False,0,0.000105,21
128,0.000255,0.00027,0.000135,0.000205,False,0,7e-05,14
129,0.000255,0.000275,0.00015,0.000195,False,0,4.5e-05,9
130,0.000255,0.00028,0.00013,0.000135,False,0,5e-06,1
131,0.000255,0.000285,0.00013,0.000135,False,0,5e-06,1
132,0.00026,0.000125,0.000135,0.000165,False,0,3e-05,6
133,0.00026,0.00013,0.000125,0.000175,False,0,5e-05,10
134,0.00026,0.000135,0.00012,0.00018,False,0,6e-05,12
135,0.00026,0.00014,0.000115,0.000185,False,0,7e-05,14
136,0.00026,0.000145,0.00011,0.000185,False,0,7.5e-05,15
137,0.00026,0.00015,0.00011,0.00019,False,0,8e-05,16
138,0.00026,0.000155,0.000105,0.00019,False,0,8.5e-05,17
139,0.00026,0.00016,0.000105,0.00019,False,0,8.5e-05,17
140,0.00026,0.000165,0.000105,0.000195,False,0,9e-05,18
141,0.00026,0.00017,0.0001,0.000195,False,0,9.5e-05,19
142,0.00026,0.000175,0.0001,0.000195,False,0,9.5e-05,19
143,0.00026,0.00018,0.0001,0.0002,False,0,0.0001,20
144,0.00026,0.000185,9.5e-05,0.0002,False,0,0.000105,21
145,0.00026,0.00019,9.5e-05,0.0002,False,0,0.000105,21
146,0.00026,0.000195,9.5e-05,0.000205,False,0,0.00011,22
147,0.00026,0.0002,9e-05,0.000205,False,0,0.000115,23
148,0.00026,0.000205,9e-05,0.000205,False,0,0.000115,23
149,0.00026,0.00021,9e-05,0.00021,False,0,0.00012,24
150,0.00026,0.000215,8.5e-05,0.00021,False,0,0.000125,25
151,0.00026,0.00022,8.5e-05,0.00021,False,0,0.000125,25
152,0.00026,0.000225,8.5e-05,0.000215,False,0,0.00013,26
153,0.00026,0.00023,8e-05,0.000215,False,0,0.000135,27
154,0.00026,0.000235,8e-05,0.00022,False,0,0.00014,28
155,0.00026,0.00024,8e-05,0.00022,False,0,0.00014,28
156,0.00026,0.000245,7.5e-05,0.00022,False,0,0.000145,29
157,0.00026,0.00025,7.5e-05,0.00022,False,0,0.000145,29
158,0.00026,0.000255,8e-05,0.00022,False,0,0.00014,28
159,0.00026,0.00026,9e-05,0.000225,True,3,0.000135,24
160,0.00026,0.000265,0.000125,0.000225,False,0,0.0001,20
161,0.00026,0.00027,0.000135,0.00021,False,0,7.5e-05,15
162,0.00026,0.000275,0.000155,0.000205,False,0,5e-05,10
163,0.00026,0.00028,0.00013,0.000135,False,0,5e-06,1
164,0.00026,0.000285,0.00013,0.000135,False,0,5e-06,1
165,0.000265,0.000125,0.000135,0.000165,False,0,3e-05,6
166,0.000265,0.00013,0.000125,0.000175,False,0,5e-05,10
167,0.000265,0.000135,0.00012,0.00018,False,0,6e-05,12
168,0.000265,0.00014,0.000115,0.000185,False,0,7e-05,14
169,0.000265,0.000145,0.00011,0.000185,False,0,7.5e-05,15
170,0.000265,0.00015,0.00011,0.00019,False,0,8e-05,16
171,0.000265,0.000155,0.000105,0.00019,False,0,8.5e-05,17
172,0.000265,0.00016,0.000105,0.00019,False,0,8.5e-05,17
173,0.000265,0.000165,0.000105,0.000195,False,0,9e-05,18
174,0.000265,0.00017,0.0001,0.000195,False,0,9.5e-05,19
175,0.000265,0.000175,0.0001,0.000195,False,0,9.5e-05,19
176,0.000265,0.00018,0.0001,0.0002,False,0,0.0001,20
177,0.000265,0.000185,9.5e-05,0.0002,False,0,0.000105,21
178,0.000265,0.00019,9.5e-05,0.0002,False,0,0.000105,21
179,0.000265,0.000195,9.5e-05,0.0002,False,0,0.000105,21
180,0.000265,0.0002,9e-05,0.000205,False,0,0.000115,23
181,0.000265,0.000205,9e-05,0.000205,False,0,0.000115,23
182,0.000265,0.00021,8.5e-05,0.00021,False,0,0.000125,25
183,0.000265,0.000215,8.5e-05,0.00021,False,0,0.000125,25
184,0.000265,0.00022,8.5e-05,0.00021,False,0,0.000125,25
185,0.000265,0.000225,8e-05,0.000215,False,0,0.000135,27
186,0.000265,0.00023,8e-05,0.000215,False,0,0.000135,27
187,0.000265,0.000235,8e-05,0.00022,False,0,0.00014,28
188,0.000265,0.00024,8e-05,0.00022,False,0,0.00014,28
189,0.000265,0.000245,7.5e-05,0.00022,False,0,0.000145,29
190,0.000265,0.00025,7.5e-05,0.00022,False,0,0.000145,29
191,0.000265,0.000255,8.5e-05,0.00022,False,0,0.000135,27
192,0.000265,0.00026,8.5e-05,0.000225,True,3,0.00014,25
193,0.000265,0.000265,0.000125,0.000225,False,0,0.0001,20
194,0.000265,0.00027,0.000145,0.00021,False,0,6.5e-05,13
195,0.000265,0.000275,0.00013,0.000205,True,4,7.5e-05,11
196,0.000265,0.00028,0.00013,0.000135,False,0,5e-06,1
197,0.00027,0.000125,0.00013,0.00017,False,0,4e-05,8
198,0.00027,0.00013,0.000125,0.000175,False,0,5e-05,10
199,0.00027,0.000135,0.00012,0.00018,False,0,6e-05,12
200,0.00027,0.00014,0.000115,0.000185,False,0,7e-05,14
201,0.00027,0.000145,0.00011,0.000185,False,0,7.5e-05,15
202,0.00027,0.00015,0.00011,0.00019,False,0,8e-05,16
203,0.00027,0.000155,0.000105,0.00019,False,0,8.5e-05,17
204,0.00027,0.00016,0.000105,0.00019,False,0,8.5e-05,17
205,0.00027,0.000165,0.000105,0.000195,False,0,9e-05,18
206,0.00027,0.00017,0.0001,0.000195,False,0,9.5e-05,19
207,0.00027,0.000175,0.0001,0.000195,False,0,9.5e-05,19
208,0.00027,0.00018,0.0001,0.000195,False,0,9.5e-05,19
209,0.00027,0.000185,9.5e-05,0.0002,False,0,0.000105,21
210,0.00027,0.00019,9.5e-05,0.0002,False,0,0.000105,21
211,0.00027,0.000195,9.5e-05,0.0002,False,0,0.000105,21
212,0.00027,0.0002,9e-05,0.000205,False,0,0.000115,23
213,0.00027,0.000205,9e-05,0.000205,False,0,0.000115,23
214,0.00027,0.00021,8.5e-05,0.00021,False,0,0.000125,25
215,0.00027,0.000215,8.5e-05,0.00021,False,0,0.000125,25
216,0.00027,0.00022,8e-05,0.00021,False,0,0.00013,26
217,0.00027,0.000225,8e-05,0.000215,False,0,0.000135,27
218,0.00027,0.00023,8e-05,0.00022,False,0,0.00014,28
219,0.00027,0.000235,8e-05,0.00022,False,0,0.00014,28
220,0.00027,0.00024,8e-05,0.00022,False,0,0.00014,28
221,0.00027,0.000245,8e-05,0.00022,False,0,0.00014,28
222,0.00027,0.00025,8e-05,0.00022,False,0,0.00014,28
223,0.00027,0.000255,8.5e-05,0.00022,False,0,0.000135,27
224,0.00027,0.00026,8.5e-05,0.00022,True,4,0.000135,23
225,0.00027,0.000265,0.00013,0.000215,False,0,8.5e-05,17
226,0.00027,0.00027,0.000145,0.00021,False,0,6.5e-05,13
227,0.00027,0.000275,0.00013,0.000195,True,4,6.5e-05,9
228,0.00027,0.00028,0.00013,0.000135,False,0,5e-06,1
229,0.000275,0.000125,0.00013,0.00017,False,0,4e-05,8
230,0.000275,0.00013,0.000125,0.000175,False,0,5e-05,10
231,0.000275,0.000135,0.00012,0.00018,False,0,6e-05,12
232,0.000275,0.00014,0.000115,0.000185,False,0,7e-05,14
233,0.000275,0.000145,0.00011,0.000185,False,0,7.5e-05,15
234,0.000275,0.00015,0.00011,0.00019,False,0,8e-05,16
235,0.000275,0.000155,0.000105,0.00019,False,0,8.5e-05,17
236,0.000275,0.00016,0.000105,0.00019,False,0,8.5e-05,17
237,0.000275,0.000165,0.000105,0.000195,False,0,9e-05,18
238,0.000275,0.00017,0.0001,0.000195,False,0,9.5e-05,19
239,0.000275,0.000175,0.0001,0.000195,False,0,9.5e-05,19
240,0.000275,0.00018,0.0001,0.000195,False,0,9.5e-05,19
241,0.000275,0.000185,9.5e-05,0.0002,False,0,0.000105,21
242,0.000275,0.00019,9.5e-05,0.0002,False,0,0.000105,21
243,0.000275,0.000195,9.5e-05,0.0002,False,0,0.000105,21
244,0.000275,0.0002,9.5e-05,0.000205,False,0,0.00011,22
245,0.000275,0.000205,9e-05,0.000205,False,0,0.000115,23
246,0.000275,0.00021,8.5e-05,0.00021,False,0,0.000125,25
247,0.000275,0.000215,8e-05,0.00021,False,0,0.00013,26
248,0.000275,0.00022,8e-05,0.00021,False,0,0.00013,26
249,0.000275,0.000225,8e-05,0.000215,False,0,0.000135,27
250,0.000275,0.00023,8e-05,0.00022,False,0,0.00014,28
251,0.000275,0.000235,8e-05,0.00022,False,0,0.00014,28
252,0.000275,0.00024,8e-05,0.00023,False,0,0.00015,30
253,0.000275,0.000245,8e-05,0.00023,False,0,0.00015,30
254,0.000275,0.00025,8e-05,0.00023,False,0,0.00015,30
255,0.000275,0.000255,8.5e-05,0.000225,False,0,0.00014,28
256,0.000275,0.00026,9e-05,0.000215,True,4,0.000125,21
257,0.000275,0.000265,0.000135,0.000215,False,0,8e-05,16
258,0.000275,0.00027,0.00015,0.00021,False,0,6e-05,12
259,0.000275,0.000275,0.00013,0.000195,True,4,6.5e-05,9
260,0.000275,0.00028,0.00013,0.000135,False,0,5e-06,1
261,0.00028,0.000125,0.00013,0.00017,False,0,4e-05,8
262,0.00028,0.00013,0.000125,0.000175,False,0,5e-05,10
263,0.00028,0.000135,0.00012,0.00018,False,0,6e-05,12
264,0.00028,0.00014,0.000115,0.000185,False,0,7e-05,14
265,0.00028,0.000145,0.00011,0.000185,False,0,7.5e-05,15
266,0.00028,0.00015,0.00011,0.00019,False,0,8e-05,16
267,0.00028,0.000155,0.000105,0.00019,False,0,8.5e-05,17
268,0.00028,0.00016,0.000105,0.00019,False,0,8.5e-05,17
269,0.00028,0.000165,0.000105,0.000195,False,0,9e-05,18
270,0.00028,0.00017,0.0001,0.000195,False,0,9.5e-05,19
271,0.00028,0.000175,0.0001,0.000195,False,0,9.5e-05,19
272,0.00028,0.00018,0.0001,0.000195,False,0,9.5e-05,19
273,0.00028,0.000185,9.5e-05,0.0002,False,0,0.000105,21
274,0.00028,0.00019,9.5e-05,0.0002,False,0,0.000105,21
275,0.00028,0.000195,9.5e-05,0.0002,False,0,0.000105,21
276,0.00028,0.0002,9.5e-05,0.000205,False,0,0.00011,22
277,0.00028,0.000205,9e-05,0.000205,False,0,0.000115,23
278,0.00028,0.00021,8.5e-05,0.000205,False,0,0.00012,24
279,0.00028,0.000215,8e-05,0.00021,False,0,0.00013,26
280,0.00028,0.00022,8e-05,0.00021,False,0,0.00013,26
281,0.00028,0.000225,8e-05,0.000215,False,0,0.000135,27
282,0.00028,0.00023,8e-05,0.00022,False,0,0.00014,28
283,0.00028,0.000235,8e-05,0.00022,False,0,0.00014,28
284,0.00028,0.00024,7.5e-05,0.00023,False,0,0.000155,31
285,0.00028,0.000245,7.5e-05,0.00023,False,0,0.000155,31
286,0.00028,0.00025,8e-05,0.00023,False,0,0.00015,30
287,0.00028,0.000255,8.5e-05,0.000225,False,0,0.00014,28
288,0.00028,0.00026,0.000125,0.000215,False,0,9e-05,18
289,0.00028,0.000265,0.00014,0.00021,False,0,7e-05,14
290,0.00028,0.00027,0.00015,0.000205,False,0,5.5e-05,11
291,0.00028,0.000275,0.00013,0.000195,True,4,6.5e-05,9
292,0.00028,0.00028,0.00013,0.000135,False,0,5e-06,1
293,0.000285,0.000125,0.00013,0.00017,False,0,4e-05,8
294,0.000285,0.00013,0.000125,0.000175,False,0,5e-05,10
295,0.000285,0.000135,0.00012,0.00018,False,0,6e-05,12
296,0.000285,0.00014,0.000115,0.000185,False,0,7e-05,14
297,0.000285,0.000145,0.00011,0.000185,False,0,7.5e-05,15
298,0.000285,0.00015,0.00011,0.00019,False,0,8e-05,16
299,0.000285,0.000155,0.000105,0.00019,False,0,8.5e-05,17
300,0.000285,0.00016,0.000105,0.00019,False,0,8.5e-05,17
301,0.000285,0.000165,0.000105,0.000195,False,0,9e-05,18
302,0.000285,0.00017,0.0001,0.000195,False,0,9.5e-05,19
303,0.000285,0.000175,0.0001,0.000195,False,0,9.5e-05,19
304,0.000285,0.00018,0.0001,0.000195,False,0,9.5e-05,19
305,0.000285,0.000185,9.5e-05,0.0002,False,0,0.000105,21
306,0.000285,0.00019,9.5e-05,0.0002,False,0,0.000105,21
307,0.000285,0.000195,9e-05,0.0002,False,0,0.00011,22
308,0.000285,0.0002,9e-05,0.000205,False,0,0.000115,23
309,0.000285,0.000205,8.5e-05,0.000205,False,0,0.00012,24
310,0.000285,0.00021,8.5e-05,0.000205,False,0,0.00012,24
311,0.000285,0.000215,8e-05,0.00021,False,0,0.00013,26
312,0.000285,0.00022,8e-05,0.00021,False,0,0.00013,26
313,0.000285,0.000225,8e-05,0.000215,False,0,0.000135,27
314,0.000285,0.00023,8e-05,0.000215,False,0,0.000135,27
315,0.000285,0.000235,8e-05,0.00022,False,0,0.00014,28
316,0.000285,0.00024,7.5e-05,0.00022,False,0,0.000145,29
317,0.000285,0.000245,7.5e-05,0.00022,False,0,0.000145,29
318,0.000285,0.00025,8e-05,0.00022,False,0,0.00014,28
319,0.000285,0.000255,8.5e-05,0.000215,True,1,0.00013,25
320,0.000285,0.00026,0.00012,0.000215,False,0,9.5e-05,19
321,0.000285,0.000265,0.000135,0.00021,False,0,7.5e-05,15
322,0.000285,0.00027,0.00015,0.000205,False,0,5.5e-05,11
323,0.000285,0.000275,0.00013,0.000195,True,5,6.5e-05,8
324,0.000285,0.00028,0.00013,0.000135,False,0,5e-06,1
325,0.00029,0.000125,0.00013,0.00017,False,0,4e-05,8
326,0.00029,0.00013,0.000125,0.000175,False,0,5e-05,10
327,0.00029,0.000135,0.00012,0.00018,False,0,6e-05,12
328,0.00029,0.00014,0.000115,0.000185,False,0,7e-05,14
329,0.00029,0.000145,0.00011,0.000185,False,0,7.5e-05,15
330,0.00029,0.00015,0.00011,0.00019,False,0,8e-05,16
331,0.00029,0.000155,0.000105,0.00019,False,0,8.5e-05,17
332,0.00029,0.00016,0.000105,0.00019,False,0,8.5e-05,17
333,0.00029,0.000165,0.000105,0.000195,False,0,9e-05,18
334,0.00029,0.00017,0.0001,0.000195,False,0,9.5e-05,19
335,0.00029,0.000175,0.0001,0.000195,False,0,9.5e-05,19
336,0.00029,0.00018,0.0001,0.000195,False,0,9.5e-05,19
337,0.00029,0.000185,9.5e-05,0.0002,False,0,0.000105,21
338,0.00029,0.00019,9.5e-05,0.0002,False,0,0.000105,21
339,0.00029,0.000195,9e-05,0.0002,False,0,0.00011,22
340,0.00029,0.0002,9e-05,0.000205,False,0,0.000115,23
341,0.00029,0.000205,8.5e-05,0.000205,False,0,0.00012,24
342,0.00029,0.00021,8.5e-05,0.000205,False,0,0.00012,24
343,0.00029,0.000215,8e-05,0.00021,False,0,0.00013,26
344,0.00029,0.00022,8e-05,0.00021,False,0,0.00013,26
345,0.00029,0.000225,8e-05,0.000215,False,0,0.000135,27
346,0.00029,0.00023,8e-05,0.000215,False,0,0.000135,27
347,0.00029,0.000235,8e-05,0.000215,False,0,0.000135,27
348,0.00029,0.00024,7.5e-05,0.00022,False,0,0.000145,29
349,0.00029,0.000245,7.5e-05,0.00022,False,0,0.000145,29
350,0.00029,0.00025,8.5e-05,0.00022,False,0,0.000135,27
351,0.00029,0.000255,0.00011,0.000215,False,0,0.000105,21
352,0.00029,0.00026,0.00012,0.000215,False,0,9.5e-05,19
353,0.00029,0.000265,0.000135,0.00021,False,0,7.5e-05,15
354,0.00029,0.00027,0.00015,0.000205,False,0,5.5e-05,11
355,0.00029,0.000275,0.000165,0.000195,False,0,3e-05,6
356,0.000295,0.000125,0.00013,0.00017,False,0,4e-05,8
357,0.000295,0.00013,0.00012,0.000175,False,0,5.5e-05,11
358,0.000295,0.000135,0.000115,0.00018,False,0,6.5e-05,13
359,0.000295,0.00014,0.000115,0.000185,False,0,7e-05,14
360,0.000295,0.000145,0.00011,0.000185,False,0,7.5e-05,15
361,0.000295,0.00015,0.00011,0.00019,False,0,8e-05,16
362,0.000295,0.000155,0.000105,0.00019,False,0,8.5e-05,17
363,0.000295,0.00016,0.000105,0.00019,False,0,8.5e-05,17
364,0.000295,0.000165,0.000105,0.000195,False,0,9e-05,18
365,0.000295,0.00017,0.0001,0.000195,False,0,9.5e-05,19
366,0.000295,0.000175,0.0001,0.000195,False,0,9.5e-05,19
367,0.000295,0.00018,0.0001,0.0002,False,0,0.0001,20
368,0.000295,0.000185,9.5e-05,0.0002,False,0,0.000105,21
369,0.000295,0.00019,9.5e-05,0.0002,False,0,0.000105,21
370,0.000295,0.000195,9e-05,0.0002,False,0,0.00011,22
371,0.000295,0.0002,9e-05,0.0002,False,0,0.00011,22
372,0.000295,0.000205,8.5e-05,0.000205,False,0,0.00012,24
373,0.000295,0.00021,8.5e-05,0.000205,False,0,0.00012,24
374,0.000295,0.000215,8.5e-05,0.00021,False,0,0.000125,25
375,0.000295,0.00022,8e-05,0.00021,False,0,0.00013,26
376,0.000295,0.000225,8e-05,0.000215,False,0,0.000135,27
377,0.000295,0.00023,8e-05,0.000215,False,0,0.000135,27
378,0.000295,0.000235,7.5e-05,0.000215,False,0,0.00014,28
379,0.000295,0.00024,7.5e-05,0.000215,False,0,0.00014,28
380,0.000295,0.000245,7.5e-05,0.00022,False,0,0.000145,29
381,0.000295,0.00025,8.5e-05,0.00022,False,0,0.000135,27
382,0.000295,0.000255,0.00011,0.00022,False,0,0.00011,22
383,0.000295,0.00026,0.00012,0.000215,False,0,9.5e-05,19
384,0.000295,0.000265,0.000135,0.00021,False,0,7.5e-05,15
385,0.000295,0.00027,0.00013,0.000205,True,2,7.5e-05,13
386,0.000295,0.000275,0.00013,0.000195,True,6,6.5e-05,7
387,0.0003,0.000125,0.00013,0.00017,False,0,4e-05,8
388,0.0003,0.00013,0.00012,0.000175,False,0,5.5e-05,11
389,0.0003,0.000135,0.000115,0.00018,False,0,6.5e-05,13
390,0.0003,0.00014,0.000115,0.000185,False,0,7e-05,14
391,0.0003,0.000145,0.00011,0.000185,False,0,7.5e-05,15
392,0.0003,0.00015,0.00011,0.00019,False,0,8e-05,16
393,0.0003,0.000155,0.000105,0.00019,False,0,8.5e-05,17
394,0.0003,0.00016,0.000105,0.00019,False,0,8.5e-05,17
395,0.0003,0.000165,0.000105,0.000195,False,0,9e-05,18
396,0.0003,0.00017,0.0001,0.000195,False,0,9.5e-05,19
397,0.0003,0.000175,0.0001,0.000195,False,0,9.5e-05,19
398,0.0003,0.00018,0.0001,0.0002,False,0,0.0001,20
399,0.0003,0.000185,9.5e-05,0.0002,False,0,0.000105,21
400,0.0003,0.00019,9.5e-05,0.0002,False,0,0.000105,21
401,0.0003,0.000195,9e-05,0.0002,False,0,0.00011,22
402,0.0003,0.0002,9e-05,0.0002,False,0,0.00011,22
403,0.0003,0.000205,8.5e-05,0.000205,False,0,0.00012,24
404,0.0003,0.00021,8.5e-05,0.000205,False,0,0.00012,24
405,0.0003,0.000215,8.5e-05,0.00021,False,0,0.000125,25
406,0.0003,0.00022,8.5e-05,0.00021,False,0,0.000125,25
407,0.0003,0.000225,8e-05,0.00021,False,0,0.00013,26
408,0.0003,0.00023,8e-05,0.00021,False,0,0.00013,26
409,0.0003,0.000235,7.5e-05,0.000215,False,0,0.00014,28
410,0.0003,0.00024,7e-05,0.000215,False,0,0.000145,29
411,0.0003,0.000245,7e-05,0.00022,False,0,0.00015,30
412,0.0003,0.00025,9.5e-05,0.00022,False,0,0.000125,25
413,0.0003,0.000255,0.000105,0.00022,False,0,0.000115,23
414,0.0003,0.00026,0.00012,0.00022,False,0,0.0001,20
415,0.0003,0.000265,0.00013,0.000215,False,0,8.5e-05,17
416,0.0003,0.00027,0.00013,0.000205,True,2,7.5e-05,13
417,0.0003,0.000275,0.00013,0.0002,True,6,7e-05,8
418,0.000305,0.000125,0.00013,0.00017,False,0,4e-05,8
419,0.000305,0.00013,0.00012,0.000175,False,0,5.5e-05,11
420,0.000305,0.000135,0.000115,0.00018,False,0,6.5e-05,13
421,0.000305,0.00014,0.000115,0.000185,False,0,7e-05,14
422,0.000305,0.000145,0.00011,0.000185,False,0,7.5e-05,15
423,0.000305,0.00015,0.00011,0.00019,False,0,8e-05,16
424,0.000305,0.000155,0.000105,0.00019,False,0,8.5e-05,17
425,0.000305,0.00016,0.000105,0.00019,False,0,8.5e-05,17
426,0.000305,0.000165,0.000105,0.000195,False,0,9e-05,18
427,0.000305,0.00017,0.0001,0.000195,False,0,9.5e-05,19
428,0.000305,0.000175,0.0001,0.000195,False,0,9.5e-05,19
429,0.000305,0.00018,0.0001,0.0002,False,0,0.0001,20
430,0.000305,0.000185,9.5e-05,0.0002,False,0,0.000105,21
431,0.000305,0.00019,9.5e-05,0.0002,False,0,0.000105,21
432,0.000305,0.000195,9e-05,0.0002,False,0,0.00011,22
433,0.000305,0.0002,9e-05,0.0002,False,0,0.00011,22
434,0.000305,0.000205,8.5e-05,0.000205,False,0,0.00012,24
435,0.000305,0.00021,8.5e-05,0.000205,False,0,0.00012,24
436,0.000305,0.000215,8.5e-05,0.00021,False,0,0.000125,25
437,0.000305,0.00022,8.5e-05,0.00021,False,0,0.000125,25
438,0.000305,0.000225,8e-05,0.00021,False,0,0.00013,26
439,0.000305,0.00023,8e-05,0.000215,False,0,0.000135,27
440,0.000305,0.000235,7.5e-05,0.000215,False,0,0.00014,28
441,0.000305,0.00024,7e-05,0.000215,False,0,0.000145,29
442,0.000305,0.000245,7e-05,0.00022,False,0,0.00015,30
443,0.000305,0.00025,9.5e-05,0.00022,False,0,0.000125,25
444,0.000305,0.000255,0.000105,0.00022,False,0,0.000115,23
445,0.000305,0.00026,0.000115,0.00022,False,0,0.000105,21
446,0.000305,0.000265,0.00013,0.000215,False,0,8.5e-05,17
447,0.000305,0.00027,0.00013,0.000205,True,2,7.5e-05,13
448,0.000305,0.000275,0.00013,0.0002,True,10,7e-05,4
449,0.00031,0.000125,0.00013,0.00017,False,0,4e-05,8
450,0.00031,0.00013,0.00012,0.000175,False,0,5.5e-05,11
451,0.00031,0.000135,0.000115,0.00018,False,0,6.5e-05,13
452,0.00031,0.00014,0.000115,0.000185,False,0,7e-05,14
453,0.00031,0.000145,0.00011,0.000185,False,0,7.5e-05,15
454,0.00031,0.00015,0.00011,0.00019,False,0,8e-05,16
455,0.00031,0.000155,0.000105,0.00019,False,0,8.5e-05,17
456,0.00031,0.00016,0.000105,0.00019,False,0,8.5e-05,17
457,0.00031,0.000165,0.000105,0.000195,False,0,9e-05,18
458,0.00031,0.00017,0.0001,0.000195,False,0,9.5e-05,19
459,0.00031,0.000175,0.0001,0.000195,False,0,9.5e-05,19
460,0.00031,0.00018,0.0001,0.0002,False,0,0.0001,20
461,0.00031,0.000185,9.5e-05,0.0002,False,0,0.000105,21
462,0.00031,0.00019,9.5e-05,0.0002,False,0,0.000105,21
463,0.00031,0.000195,9.5e-05,0.0002,False,0,0.000105,21
464,0.00031,0.0002,9e-05,0.0002,False,0,0.00011,22
465,0.00031,0.000205,8.5e-05,0.000205,False,0,0.00012,24
466,0.00031,0.00021,8.5e-05,0.000205,False,0,0.00012,24
467,0.00031,0.000215,8.5e-05,0.00021,False,0,0.000125,25
468,0.00031,0.00022,8.5e-05,0.00021,False,0,0.000125,25
469,0.00031,0.000225,8e-05,0.000215,False,0,0.000135,27
470,0.00031,0.00023,8e-05,0.000215,False,0,0.000135,27
471,0.00031,0.000235,7.5e-05,0.00022,False,0,0.000145,29
472,0.00031,0.00024,7e-05,0.00022,False,0,0.00015,30
473,0.00031,0.000245,7e-05,0.00022,False,0,0.00015,30
474,0.00031,0.00025,9e-05,0.00022,False,0,0.00013,26
475,0.00031,0.000255,0.000105,0.00022,False,0,0.000115,23
476,0.00031,0.00026,0.000115,0.00022,False,0,0.000105,21
477,0.00031,0.000265,0.00013,0.000215,False,0,8.5e-05,17
478,0.00031,0.00027,0.00013,0.00021,True,2,8e-05,14
479,0.00031,0.000275,0.00013,0.000135,False,0,5e-06,1
480,0.000315,0.000125,0.00013,0.00017,False,0,4e-05,8
481,0.000315,0.00013,0.00012,0.000175,False,0,5.5e-05,11
482,0.000315,0.000135,0.000115,0.00018,False,0,6.5e-05,13
483,0.000315,0.00014,0.000115,0.000185,False,0,7e-05,14
484,0.000315,0.000145,0.00011,0.000185,False,0,7.5e-05,15
485,0.000315,0.00015,0.00011,0.00019,False,0,8e-05,16
486,0.000315,0.000155,0.000105,0.00019,False,0,8.5e-05,17
487,0.000315,0.00016,0.000105,0.00019,False,0,8.5e-05,17
488,0.000315,0.000165,0.000105,0.000195,False,0,9e-05,18
489,0.000315,0.00017,0.0001,0.000195,False,0,9.5e-05,19
490,0.000315,0.000175,0.0001,0.000195,False,0,9.5e-05,19
491,0.000315,0.00018,0.0001,0.0002,False,0,0.0001,20
492,0.000315,0.000185,9.5e-05,0.0002,False,0,0.000105,21
493,0.000315,0.00019,9.5e-05,0.0002,False,0,0.000105,21
494,0.000315,0.000195,9.5e-05,0.000205,False,0,0.00011,22
495,0.000315,0.0002,9e-05,0.000205,False,0,0.000115,23
496,0.000315,0.000205,8.5e-05,0.000205,False,0,0.00012,24
497,0.000315,0.00021,8.5e-05,0.000205,False,0,0.00012,24
498,0.000315,0.000215,8.5e-05,0.00021,False,0,0.000125,25
499,0.000315,0.00022,8e-05,0.00021,False,0,0.00013,26
500,0.000315,0.000225,8e-05,0.000215,False,0,0.000135,27
501,0.000315,0.00023,8e-05,0.00022,False,0,0.00014,28
502,0.000315,0.000235,7.5e-05,0.00022,False,0,0.000145,29
503,0.000315,0.00024,7.5e-05,0.00022,False,0,0.000145,29
504,0.000315,0.000245,7.5e-05,0.00022,False,0,0.000145,29
505,0.000315,0.00025,9e-05,0.000215,False,0,0.000125,25
506,0.000315,0.000255,0.000105,0.00022,False,0,0.000115,23
507,0.000315,0.00026,0.000115,0.00022,False,0,0.000105,21
508,0.000315,0.000265,0.00013,0.00022,False,0,9e-05,18
509,0.000315,0.00027,0.00015,0.00021,False,0,6e-05,12
510,0.000315,0.000275,0.000175,0.00018,False,0,5e-06,1
511,0.00032,0.000125,0.00013,0.00017,False,0,4e-05,8
512,0.00032,0.00013,0.00012,0.000175,False,0,5.5e-05,11
513,0.00032,0.000135,0.000115,0.00018,False,0,6.5e-05,13
514,0.00032,0.00014,0.000115,0.000185,False,0,7e-05,14
515,0.00032,0.000145,0.00011,0.000185,False,0,7.5e-05,15
516,0.00032,0.00015,0.00011,0.00019,False,0,8e-05,16
517,0.00032,0.000155,0.000105,0.00019,False,0,8.5e-05,17
518,0.00032,0.00016,0.000105,0.00019,False,0,8.5e-05,17
519,0.00032,0.000165,0.000105,0.000195,False,0,9e-05,18
520,0.00032,0.00017,0.0001,0.000195,False,0,9.5e-05,19
521,0.00032,0.000175,0.0001,0.000195,False,0,9.5e-05,19
522,0.00032,0.00018,0.0001,0.0002,False,0,0.0001,20
523,0.00032,0.000185,9.5e-05,0.0002,False,0,0.000105,21
524,0.00032,0.00019,9.5e-05,0.0002,False,0,0.000105,21
525,0.00032,0.000195,9.5e-05,0.000205,False,0,0.00011,22
526,0.00032,0.0002,9e-05,0.000205,False,0,0.000115,23
527,0.00032,0.000205,8.5e-05,0.000205,False,0,0.00012,24
528,0.00032,0.00021,8.5e-05,0.000205,False,0,0.00012,24
529,0.00032,0.000215,8.5e-05,0.00021,False,0,0.000125,25
530,0.00032,0.00022,8e-05,0.00021,False,0,0.00013,26
531,0.00032,0.000225,8e-05,0.000215,False,0,0.000135,27
532,0.00032,0.00023,7.5e-05,0.00022,False,0,0.000145,29
533,0.00032,0.000235,7e-05,0.00022,False,0,0.00015,30
534,0.00032,0.00024,7e-05,0.00022,False,0,0.00015,30
535,0.00032,0.000245,7.5e-05,0.00022,False,0,0.000145,29
536,0.00032,0.00025,8.5e-05,0.000215,False,0,0.00013,26
537,0.00032,0.000255,0.000105,0.000215,False,0,0.00011,22
538,0.00032,0.00026,0.000115,0.00022,False,0,0.000105,21
539,0.00032,0.000265,0.0,0.00022,True,4,0.00022,40
540,0.00032,0.00027,0.0,0.00021,True,9,0.00021,33
541,0.00032,0.000275,0.000175,0.000195,False,0,2e-05,4
542,0.000325,0.000125,0.00013,0.00017,False,0,4e-05,8
543,0.000325,0.00013,0.00012,0.000175,False,0,5.5e-05,11
544,0.000325,0.000135,0.00012,0.00018,False,0,6e-05,12
545,0.000325,0.00014,0.000115,0.000185,False,0,7e-05,14
546,0.000325,0.000145,0.00011,0.000185,False,0,7.5e-05,15
547,0.000325,0.00015,0.00011,0.00019,False,0,8e-05,16
548,0.000325,0.000155,0.000105,0.00019,False,0,8.5e-05,17
549,0.000325,0.00016,0.000105,0.00019,False,0,8.5e-05,17
550,0.000325,0.000165,0.000105,0.000195,False,0,9e-05,18
551,0.000325,0.00017,0.0001,0.000195,False,0,9.5e-05,19
552,0.000325,0.000175,0.0001,0.000195,False,0,9.5e-05,19
553,0.000325,0.00018,0.0001,0.0002,False,0,0.0001,20
554,0.000325,0.000185,9.5e-05,0.0002,False,0,0.000105,21
555,0.000325,0.00019,9.5e-05,0.0002,False,0,0.000105,21
556,0.000325,0.000195,9.5e-05,0.000205,False,0,0.00011,22
557,0.000325,0.0002,9e-05,0.000205,False,0,0.000115,23
558,0.000325,0.000205,9e-05,0.000205,False,0,0.000115,23
559,0.000325,0.00021,8.5e-05,0.00021,False,0,0.000125,25
560,0.000325,0.000215,8.5e-05,0.00021,False,0,0.000125,25
561,0.000325,0.00022,8e-05,0.00021,False,0,0.00013,26
562,0.000325,0.000225,8e-05,0.000215,False,0,0.000135,27
563,0.000325,0.00023,7.5e-05,0.000215,False,0,0.00014,28
564,0.000325,0.000235,7e-05,0.00022,False,0,0.00015,30
565,0.000325,0.00024,7e-05,0.00022,False,0,0.00015,30
566,0.000325,0.000245,7.5e-05,0.00022,False,0,0.000145,29
567,0.000325,0.00025,8.5e-05,0.00022,False,0,0.000135,27
568,0.000325,0.000255,0.0001,0.00022,False,0,0.00012,24
569,0.000325,0.00026,0.000115,0.00022,False,0,0.000105,21
570,0.000325,0.000265,0.0,0.000215,True,4,0.000215,39
571,0.000325,0.00027,0.0,0.00021,True,8,0.00021,34
572,0.000325,0.000275,0.000175,0.000195,False,0,2e-05,4
573,0.00033,0.000125,0.00013,0.00017,False,0,4e-05,8
574,0.00033,0.00013,0.00012,0.000175,False,0,5.5e-05,11
575,0.00033,0.000135,0.00012,0.00018,False,0,6e-05,12
576,0.00033,0.00014,0.000115,0.000185,False,0,7e-05,14
577,0.00033,0.000145,0.00011,0.000185,False,0,7.5e-05,15
578,0.00033,0.00015,0.00011,0.00019,False,0,8e-05,16
579,0.00033,0.000155,0.000105,0.00019,False,0,8.5e-05,17
580,0.00033,0.00016,0.000105,0.00019,False,0,8.5e-05,17
581,0.00033,0.000165,0.000105,0.000195,False,0,9e-05,18
582,0.00033,0.00017,0.0001,0.000195,False,0,9.5e-05,19
583,0.00033,0.000175,0.0001,0.000195,False,0,9.5e-05,19
584,0.00033,0.00018,0.0001,0.0002,False,0,0.0001,20
585,0.00033,0.000185,9.5e-05,0.0002,False,0,0.000105,21
586,0.00033,0.00019,9.5e-05,0.0002,False,0,0.000105,21
587,0.00033,0.000195,9.5e-05,0.000205,False,0,0.00011,22
588,0.00033,0.0002,9e-05,0.000205,False,0,0.000115,23
589,0.00033,0.000205,9e-05,0.000205,False,0,0.000115,23
590,0.00033,0.00021,8.5e-05,0.00021,False,0,0.000125,25
591,0.00033,0.000215,8.5e-05,0.00021,False,0,0.000125,25
592,0.00033,0.00022,8e-05,0.00021,False,0,0.00013,26
593,0.00033,0.000225,8e-05,0.000215,False,0,0.000135,27
594,0.00033,0.00023,7e-05,0.000215,False,0,0.000145,29
595,0.00033,0.000235,7e-05,0.000215,False,0,0.000145,29
596,0.00033,0.00024,7.5e-05,0.000215,False,0,0.00014,28
597,0.00033,0.000245,7.5e-05,0.00022,False,0,0.000145,29
598,0.00033,0.00025,8.5e-05,0.00022,False,0,0.000135,27
599,0.00033,0.000255,0.0001,0.00022,False,0,0.00012,24
600,0.00033,0.00026,0.000115,0.00022,False,0,0.000105,21
601,0.00033,0.000265,0.00013,0.00022,False,0,9e-05,18
602,0.00033,0.00027,0.00013,0.00021,True,5,8e-05,11
603,0.00033,0.000275,0.000175,0.00019,False,0,1.5e-05,3
604,0.000335,0.000125,0.00013,0.00017,False,0,4e-05,8
605,0.000335,0.00013,0.000125,0.000175,False,0,5e-05,10
606,0.000335,0.000135,0.00012,0.00018,False,0,6e-05,12
607,0.000335,0.00014,0.000115,0.00018,False,0,6.5e-05,13
608,0.000335,0.000145,0.00011,0.000185,False,0,7.5e-05,15
609,0.000335,0.00015,0.00011,0.00019,False,0,8e-05,16
610,0.000335,0.000155,0.000105,0.00019,False,0,8.5e-05,17
611,0.000335,0.00016,0.000105,0.00019,False,0,8.5e-05,17
612,0.000335,0.000165,0.000105,0.000195,False,0,9e-05,18
613,0.000335,0.00017,0.0001,0.000195,False,0,9.5e-05,19
614,0.000335,0.000175,0.0001,0.000195,False,0,9.5e-05,19
615,0.000335,0.00018,0.0001,0.0002,False,0,0.0001,20
616,0.000335,0.000185,9.5e-05,0.0002,False,0,0.000105,21
617,0.000335,0.00019,9.5e-05,0.0002,False,0,0.000105,21
618,0.000335,0.000195,9.5e-05,0.000205,False,0,0.00011,22
619,0.000335,0.0002,9.5e-05,0.000205,False,0,0.00011,22
620,0.000335,0.000205,9e-05,0.000205,False,0,0.000115,23
621,0.000335,0.00021,8.5e-05,0.00021,False,0,0.000125,25
622,0.000335,0.000215,8.5e-05,0.00021,False,0,0.000125,25
623,0.000335,0.00022,8.5e-05,0.00021,False,0,0.000125,25
624,0.000335,0.000225,8e-05,0.000215,False,0,0.000135,27
625,0.000335,0.00023,7e-05,0.000215,False,0,0.000145,29
626,0.000335,0.000235,7e-05,0.000215,False,0,0.000145,29
627,0.000335,0.00024,7.5e-05,0.000215,False,0,0.00014,28
628,0.000335,0.000245,7.5e-05,0.00022,False,0,0.000145,29
629,0.000335,0.00025,7.5e-05,0.00022,False,0,0.000145,29
630,0.000335,0.000255,9.5e-05,0.00022,False,0,0.000125,25
631,0.000335,0.00026,0.00011,0.00022,False,0,0.00011,22
632,0.000335,0.000265,0.00013,0.00022,False,0,9e-05,18
633,0.000335,0.00027,0.00013,0.000205,True,5,7.5e-05,10
634,0.00034,0.000125,0.00013,0.00017,False,0,4e-05,8
635,0.00034,0.00013,0.000125,0.000175,False,0,5e-05,10
636,0.00034,0.000135,0.00012,0.00018,False,0,6e-05,12
637,0.00034,0.00014,0.000115,0.00018,False,0,6.5e-05,13
638,0.00034,0.000145,0.00011,0.000185,False,0,7.5e-05,15
639,0.00034,0.00015,0.00011,0.00019,False,0,8e-05,16
640,0.00034,0.000155,0.000105,0.00019,False,0,8.5e-05,17
641,0.00034,0.00016,0.000105,0.00019,False,0,8.5e-05,17
642,0.00034,0.000165,0.000105,0.000195,False,0,9e-05,18
643,0.00034,0.00017,0.0001,0.000195,False,0,9.5e-05,19
644,0.00034,0.000175,0.0001,0.000195,False,0,9.5e-05,19
645,0.00034,0.00018,0.0001,0.0002,False,0,0.0001,20
646,0.00034,0.000185,0.0001,0.0002,False,0,0.0001,20
647,0.00034,0.00019,9.5e-05,0.0002,False,0,0.000105,21
648,0.00034,0.000195,9.5e-05,0.000205,False,0,0.00011,22
649,0.00034,0.0002,9.5e-05,0.000205,False,0,0.00011,22
650,0.00034,0.000205,9e-05,0.000205,False,0,0.000115,23
651,0.00034,0.00021,9e-05,0.000205,False,0,0.000115,23
652,0.00034,0.000215,8.5e-05,0.00021,False,0,0.000125,25
653,0.00034,0.00022,8.5e-05,0.00021,False,0,0.000125,25
654,0.00034,0.000225,8e-05,0.000215,False,0,0.000135,27
655,0.00034,0.00023,7.5e-05,0.000215,False,0,0.00014,28
656,0.00034,0.000235,7.5e-05,0.000215,False,0,0.00014,28
657,0.00034,0.00024,7.5e-05,0.000215,False,0,0.00014,28
658,0.00034,0.000245,7.5e-05,0.000215,False,0,0.00014,28
659,0.00034,0.00025,7.5e-05,0.00022,False,0,0.000145,29
660,0.00034,0.000255,8e-05,0.00022,False,0,0.00014,28
661,0.00034,0.00026,0.00011,0.00022,False,0,0.00011,22
662,0.00034,0.000265,0.00013,0.00022,False,0,9e-05,18
663,0.00034,0.00027,0.00013,0.000205,True,7,7.5e-05,8
664,0.000345,0.000125,0.00013,0.00017,False,0,4e-05,8
665,0.000345,0.00013,0.000125,0.000175,False,0,5e-05,10
666,0.000345,0.000135,0.00012,0.00018,False,0,6e-05,12
667,0.000345,0.00014,0.000115,0.00018,False,0,6.5e-05,13
668,0.000345,0.000145,0.00011,0.000185,False,0,7.5e-05,15
669,0.000345,0.00015,0.00011,0.00019,False,0,8e-05,16
670,0.000345,0.000155,0.000105,0.00019,False,0,8.5e-05,17
671,0.000345,0.00016,0.000105,0.00019,False,0,8.5e-05,17
672,0.000345,0.000165,0.000105,0.000195,False,0,9e-05,18
673,0.000345,0.00017,0.0001,0.000195,False,0,9.5e-05,19
674,0.000345,0.000175,0.0001,0.000195,False,0,9.5e-05,19
675,0.000345,0.00018,0.0001,0.0002,False,0,0.0001,20
676,0.000345,0.000185,0.0001,0.0002,False,0,0.0001,20
677,0.000345,0.00019,9.5e-05,0.0002,False,0,0.000105,21
678,0.000345,0.000195,9.5e-05,0.000205,False,0,0.00011,22
679,0.000345,0.0002,9.5e-05,0.000205,False,0,0.00011,22
680,0.000345,0.000205,9e-05,0.000205,False,0,0.000115,23
681,0.000345,0.00021,9e-05,0.000205,False,0,0.000115,23
682,0.000345,0.000215,8.5e-05,0.00021,False,0,0.000125,25
683,0.000345,0.00022,8.5e-05,0.00021,False,0,0.000125,25
684,0.000345,0.000225,8e-05,0.00021,False,0,0.00013,26
685,0.000345,0.00023,7.5e-05,0.000215,False,0,0.00014,28
686,0.000345,0.000235,7.5e-05,0.000215,False,0,0.00014,28
687,0.000345,0.00024,7.5e-05,0.000215,False,0,0.00014,28
688,0.000345,0.000245,7.5e-05,0.000215,False,0,0.00014,28
689,0.000345,0.00025,7.5e-05,0.000215,False,0,0.00014,28
690,0.000345,0.000255,8e-05,0.000215,False,0,0.000135,27
691,0.000345,0.00026,8.5e-05,0.000215,True,1,0.00013,25
692,0.000345,0.000265,0.00012,0.000215,False,0,9.5e-05,19
693,0.00035,0.000125,0.00013,0.000165,False,0,3.5e-05,7
694,0.00035,0.00013,0.000125,0.000175,False,0,5e-05,10
695,0.00035,0.000135,0.00012,0.00018,False,0,6e-05,12
696,0.00035,0.00014,0.000115,0.00018,False,0,6.5e-05,13
697,0.00035,0.000145,0.00011,0.000185,False,0,7.5e-05,15
698,0.00035,0.00015,0.00011,0.00019,False,0,8e-05,16
699,0.00035,0.000155,0.000105,0.00019,False,0,8.5e-05,17
700,0.00035,0.00016,0.000105,0.00019,False,0,8.5e-05,17
701,0.00035,0.000165,0.000105,0.000195,False,0,9e-05,18
702,0.00035,0.00017,0.0001,0.000195,False,0,9.5e-05,19
703,0.00035,0.000175,0.0001,0.000195,False,0,9.5e-05,19
704,0.00035,0.00018,0.0001,0.0002,False,0,0.0001,20
705,0.00035,0.000185,0.0001,0.0002,False,0,0.0001,20
706,0.00035,0.00019,9.5e-05,0.0002,False,0,0.000105,21
707,0.00035,0.000195,9.5e-05,0.000205,False,0,0.00011,22
708,0.00035,0.0002,9.5e-05,0.000205,False,0,0.00011,22
709,0.00035,0.000205,9e-05,0.000205,False,0,0.000115,23
710,0.00035,0.00021,9e-05,0.000205,False,0,0.000115,23
711,0.00035,0.000215,9e-05,0.00021,False,0,0.00012,24
712,0.00035,0.00022,8.5e-05,0.00021,False,0,0.000125,25
713,0.00035,0.000225,8e-05,0.00021,False,0,0.00013,26
714,0.00035,0.00023,8e-05,0.00021,False,0,0.00013,26
715,0.00035,0.000235,7.5e-05,0.000215,False,0,0.00014,28
716,0.00035,0.00024,7.5e-05,0.000215,False,0,0.00014,28
717,0.00035,0.000245,7.5e-05,0.000215,False,0,0.00014,28
718,0.00035,0.00025,7.5e-05,0.000215,False,0,0.00014,28
719,0.00035,0.000255,8e-05,0.000215,False,0,0.000135,27
720,0.00035,0.00026,8e-05,0.000215,False,0,0.000135,27
721,0.00035,0.000265,0.000115,0.00021,False,0,9.5e-05,19
722,0.00035,0.00027,0.00019,0.0002,False,0,1e-05,2
723,0.000355,0.000125,0.00013,0.000165,False,0,3.5e-05,7
724,0.000355,0.00013,0.000125,0.000175,False,0,5e-05,10
725,0.000355,0.000135,0.00012,0.00018,False,0,6e-05,12
726,0.000355,0.00014,0.000115,0.00018,False,0,6.5e-05,13
727,0.000355,0.000145,0.00011,0.000185,False,0,7.5e-05,15
728,0.000355,0.00015,0.00011,0.000185,False,0,7.5e-05,15
729,0.000355,0.000155,0.000105,0.00019,False,0,8.5e-05,17
730,0.000355,0.00016,0.000105,0.00019,False,0,8.5e-05,17
731,0.000355,0.000165,0.000105,0.000195,False,0,9e-05,18
732,0.000355,0.00017,0.0001,0.000195,False,0,9.5e-05,19
733,0.000355,0.000175,0.0001,0.000195,False,0,9.5e-05,19
734,0.000355,0.00018,0.0001,0.0002,False,0,0.0001,20
735,0.000355,0.000185,0.0001,0.0002,False,0,0.0001,20
736,0.000355,0.00019,9.5e-05,0.0002,False,0,0.000105,21
737,0.000355,0.000195,9.5e-05,0.0002,False,0,0.000105,21
738,0.000355,0.0002,9e-05,0.0002,False,0,0.00011,22
739,0.000355,0.000205,9e-05,0.000205,False,0,0.000115,23
740,0.000355,0.00021,9e-05,0.000205,False,0,0.000115,23
741,0.000355,0.000215,9e-05,0.00021,False,0,0.00012,24
742,0.000355,0.00022,8.5e-05,0.00021,False,0,0.000125,25
743,0.000355,0.000225,8e-05,0.00021,False,0,0.00013,26
744,0.000355,0.00023,8e-05,0.00021,False,0,0.00013,26
745,0.000355,0.000235,7.5e-05,0.000215,False,0,0.00014,28
746,0.000355,0.00024,7e-05,0.000215,False,0,0.000145,29
747,0.000355,0.000245,7e-05,0.000215,False,0,0.000145,29
748,0.000355,0.00025,7e-05,0.000215,False,0,0.000145,29
749,0.000355,0.000255,7e-05,0.00022,False,0,0.00015,30
750,0.000355,0.00026,8e-05,0.00022,False,0,0.00014,28
751,0.000355,0.000265,0.00011,0.00021,False,0,0.0001,20
752,0.000355,0.00027,0.00019,0.0002,False,0,1e-05,2
753,0.00036,0.000125,0.00013,0.000165,False,0,3.5e-05,7
754,0.00036,0.00013,0.000125,0.000175,False,0,5e-05,10
755,0.00036,0.000135,0.00012,0.00018,False,0,6e-05,12
756,0.00036,0.00014,0.000115,0.00018,False,0,6.5e-05,13
757,0.00036,0.000145,0.00011,0.000185,False,0,7.5e-05,15
758,0.00036,0.00015,0.00011,0.000185,False,0,7.5e-05,15
759,0.00036,0.000155,0.000105,0.00019,False,0,8.5e-05,17
760,0.00036,0.00016,0.000105,0.00019,False,0,8.5e-05,17
761,0.00036,0.000165,0.000105,0.000195,False,0,9e-05,18
762,0.00036,0.00017,0.0001,0.000195,False,0,9.5e-05,19
763,0.00036,0.000175,0.0001,0.000195,False,0,9.5e-05,19
764,0.00036,0.00018,0.0001,0.0002,False,0,0.0001,20
765,0.00036,0.000185,0.0001,0.0002,False,0,0.0001,20
766,0.00036,0.00019,9.5e-05,0.0002,False,0,0.000105,21
767,0.00036,0.000195,9.5e-05,0.0002,False,0,0.000105,21
768,0.00036,0.0002,9e-05,0.0002,False,0,0.00011,22
769,0.00036,0.000205,9e-05,0.000205,False,0,0.000115,23
770,0.00036,0.00021,9e-05,0.000205,False,0,0.000115,23
771,0.00036,0.000215,9e-05,0.00021,False,0,0.00012,24
772,0.00036,0.00022,8.5e-05,0.00021,False,0,0.000125,25
773,0.00036,0.000225,8.5e-05,0.00021,False,0,0.000125,25
774,0.00036,0.00023,8e-05,0.00021,False,0,0.00013,26
775,0.00036,0.000235,7.5e-05,0.00021,False,0,0.000135,27
776,0.00036,0.00024,7e-05,0.000215,False,0,0.000145,29
777,0.00036,0.000245,7e-05,0.000215,False,0,0.000145,29
778,0.00036,0.00025,7e-05,0.000215,False,0,0.000145,29
779,0.00036,0.000255,7e-05,0.00022,False,0,0.00015,30
780,0.00036,0.00026,8e-05,0.00022,False,0,0.00014,28
781,0.00036,0.000265,0.00011,0.00022,True,2,0.00011,20
782,0.00036,0.00027,0.00019,0.000195,False,0,5e-06,1
783,0.00036,0.000275,0.000185,0.00019,False,0,5e-06,1
784,0.00036,0.00028,0.000185,0.00019,False,0,5e-06,1
785,0.000365,0.000125,0.000135,0.000165,False,0,3e-05,6
786,0.000365,0.00013,0.000125,0.000175,False,0,5e-05,10
787,0.000365,0.000135,0.00012,0.00018,False,0,6e-05,12
788,0.000365,0.00014,0.000115,0.00018,False,0,6.5e-05,13
789,0.000365,0.000145,0.00011,0.000185,False,0,7.5e-05,15
790,0.000365,0.00015,0.00011,0.00019,False,0,8e-05,16
791,0.000365,0.000155,0.000105,0.00019,False,0,8.5e-05,17
792,0.000365,0.00016,0.000105,0.00019,False,0,8.5e-05,17
793,0.000365,0.000165,0.000105,0.000195,False,0,9e-05,18
794,0.000365,0.00017,0.0001,0.000195,False,0,9.5e-05,19
795,0.000365,0.000175,0.0001,0.000195,False,0,9.5e-05,19
796,0.000365,0.00018,0.0001,0.0002,False,0,0.0001,20
797,0.000365,0.000185,0.0001,0.0002,False,0,0.0001,20
798,0.000365,0.00019,9.5e-05,0.0002,False,0,0.000105,21
799,0.000365,0.000195,9.5e-05,0.0002,False,0,0.000105,21
800,0.000365,0.0002,9e-05,0.0002,False,0,0.00011,22
801,0.000365,0.000205,9e-05,0.000205,False,0,0.000115,23
802,0.000365,0.00021,9e-05,0.000205,False,0,0.000115,23
803,0.000365,0.000215,8.5e-05,0.00021,False,0,0.000125,25
804,0.000365,0.00022,8.5e-05,0.00021,False,0,0.000125,25
805,0.000365,0.000225,8.5e-05,0.00021,False,0,0.000125,25
806,0.000365,0.00023,8e-05,0.00021,False,0,0.00013,26
807,0.000365,0.000235,8e-05,0.000215,False,0,0.000135,27
808,0.000365,0.00024,7.5e-05,0.000215,False,0,0.00014,28
809,0.000365,0.000245,7.5e-05,0.000215,False,0,0.00014,28
810,0.000365,0.00025,7.5e-05,0.00022,False,0,0.000145,29
811,0.000365,0.000255,7.5e-05,0.00022,False,0,0.000145,29
812,0.000365,0.00026,8e-05,0.000225,False,0,0.000145,29
813,0.000365,0.000265,8e-05,0.000225,True,6,0.000145,23
814,0.000365,0.00027,0.00019,0.000195,False,0,5e-06,1
815,0.000365,0.000275,0.000185,0.00019,False,0,5e-06,1
816,0.000365,0.00028,0.000185,0.00019,False,0,5e-06,1
817,0.00037,0.000125,0.000135,0.000165,False,0,3e-05,6
818,0.00037,0.00013,0.000125,0.000175,False,0,5e-05,10
819,0.00037,0.000135,0.00012,0.00018,False,0,6e-05,12
820,0.00037,0.00014,0.000115,0.00018,False,0,6.5e-05,13
821,0.00037,0.000145,0.00011,0.000185,False,0,7.5e-05,15
822,0.00037,0.00015,0.00011,0.00019,False,0,8e-05,16
823,0.00037,0.000155,0.000105,0.00019,False,0,8.5e-05,17
824,0.00037,0.00016,0.000105,0.00019,False,0,8.5e-05,17
825,0.00037,0.000165,0.000105,0.000195,False,0,9e-05,18
826,0.00037,0.00017,0.0001,0.000195,False,0,9.5e-05,19
827,0.00037,0.000175,0.0001,0.000195,False,0,9.5e-05,19
828,0.00037,0.00018,0.0001,0.0002,False,0,0.0001,20
829,0.00037,0.000185,0.0001,0.0002,False,0,0.0001,20
830,0.00037,0.00019,9.5e-05,0.0002,False,0,0.000105,21
831,0.00037,0.000195,9.5e-05,0.0002,False,0,0.000105,21
832,0.00037,0.0002,9e-05,0.0002,False,0,0.00011,22
833,0.00037,0.000205,9e-05,0.000205,False,0,0.000115,23
834,0.00037,0.00021,9e-05,0.000205,False,0,0.000115,23
835,0.00037,0.000215,8.5e-05,0.00021,False,0,0.000125,25
836,0.00037,0.00022,8.5e-05,0.00021,False,0,0.000125,25
837,0.00037,0.000225,8.5e-05,0.00021,False,0,0.000125,25
838,0.00037,0.00023,8e-05,0.00021,False,0,0.00013,26
839,0.00037,0.000235,8e-05,0.000215,False,0,0.000135,27
840,0.00037,0.00024,8e-05,0.000215,False,0,0.000135,27
841,0.00037,0.000245,8e-05,0.000215,False,0,0.000135,27
842,0.00037,0.00025,8e-05,0.00022,False,0,0.00014,28
843,0.00037,0.000255,8e-05,0.00022,False,0,0.00014,28
844,0.00037,0.00026,8e-05,0.000225,False,0,0.000145,29
845,0.00037,0.000265,8e-05,0.000225,True,7,0.000145,22
846,0.00037,0.00027,0.00018,0.000185,False,0,5e-06,1
847,0.00037,0.000275,0.00018,0.000185,False,0,5e-06,1
848,0.000375,0.000125,0.000135,0.000165,False,0,3e-05,6
849,0.000375,0.00013,0.000125,0.000175,False,0,5e-05,10
850,0.000375,0.000135,0.00012,0.00018,False,0,6e-05,12
851,0.000375,0.00014,0.000115,0.00018,False,0,6.5e-05,13
852,0.000375,0.000145,0.00011,0.000185,False,0,7.5e-05,15
853,0.000375,0.00015,0.00011,0.00019,False,0,8e-05,16
854,0.000375,0.000155,0.000105,0.00019,False,0,8.5e-05,17
855,0.000375,0.00016,0.000105,0.00019,False,0,8.5e-05,17
856,0.000375,0.000165,0.000105,0.000195,False,0,9e-05,18
857,0.000375,0.00017,0.0001,0.000195,False,0,9.5e-05,19
858,0.000375,0.000175,0.0001,0.000195,False,0,9.5e-05,19
859,0.000375,0.00018,0.0001,0.0002,False,0,0.0001,20
860,0.000375,0.000185,0.0001,0.0002,False,0,0.0001,20
861,0.000375,0.00019,9.5e-05,0.0002,False,0,0.000105,21
862,0.000375,0.000195,9.5e-05,0.0002,False,0,0.000105,21
863,0.000375,0.0002,9.5e-05,0.000205,False,0,0.00011,22
864,0.000375,0.000205,9e-05,0.000205,False,0,0.000115,23
865,0.000375,0.00021,9e-05,0.000205,False,0,0.000115,23
866,0.000375,0.000215,9e-05,0.00021,False,0,0.00012,24
867,0.000375,0.00022,8.5e-05,0.00021,False,0,0.000125,25
868,0.000375,0.000225,8.5e-05,0.00021,False,0,0.000125,25
869,0.000375,0.00023,8.5e-05,0.00021,False,0,0.000125,25
870,0.000375,0.000235,8e-05,0.000215,False,0,0.000135,27
871,0.000375,0.00024,8e-05,0.000215,False,0,0.000135,27
872,0.000375,0.000245,8e-05,0.000215,False,0,0.000135,27
873,0.000375,0.00025,8e-05,0.00022,False,0,0.00014,28
874,0.000375,0.000255,8e-05,0.00022,False,0,0.00014,28
875,0.000375,0.00026,8e-05,0.000225,False,0,0.000145,29
876,0.000375,0.000265,8e-05,0.000225,True,6,0.000145,23
877,0.000375,0.00027,0.000175,0.000185,False,0,1e-05,2
878,0.000375,0.000275,0.00018,0.000185,False,0,5e-06,1
879,0.00038,0.000125,0.000135,0.000165,False,0,3e-05,6
880,0.00038,0.00013,0.000125,0.000175,False,0,5e-05,10
881,0.00038,0.000135,0.00012,0.00018,False,0,6e-05,12
882,0.00038,0.00014,0.000115,0.00018,False,0,6.5e-05,13
883,0.00038,0.000145,0.00011,0.000185,False,0,7.5e-05,15
884,0.00038,0.00015,0.00011,0.00019,False,0,8e-05,16
885,0.00038,0.000155,0.000105,0.00019,False,0,8.5e-05,17
886,0.00038,0.00016,0.000105,0.00019,False,0,8.5e-05,17
887,0.00038,0.000165,0.000105,0.000195,False,0,9e-05,18
888,0.00038,0.00017,0.0001,0.000195,False,0,9.5e-05,19
889,0.00038,0.000175,0.0001,0.000195,False,0,9.5e-05,19
890,0.00038,0.00018,0.0001,0.0002,False,0,0.0001,20
891,0.00038,0.000185,0.0001,0.0002,False,0,0.0001,20
892,0.00038,0.00019,9.5e-05,0.0002,False,0,0.000105,21
893,0.00038,0.000195,9.5e-05,0.0002,False,0,0.000105,21
894,0.00038,0.0002,9.5e-05,0.000205,False,0,0.00011,22
895,0.00038,0.000205,9e-05,0.000205,False,0,0.000115,23
896,0.00038,0.00021,9e-05,0.000205,False,0,0.000115,23
897,0.00038,0.000215,9e-05,0.00021,False,0,0.00012,24
898,0.00038,0.00022,8.5e-05,0.00021,False,0,0.000125,25
899,0.00038,0.000225,8.5e-05,0.00021,False,0,0.000125,25
900,0.00038,0.00023,8.5e-05,0.00021,False,0,0.000125,25
901,0.00038,0.000235,8e-05,0.000215,False,0,0.000135,27
902,0.00038,0.00024,8e-05,0.000215,False,0,0.000135,27
903,0.00038,0.000245,8e-05,0.000215,False,0,0.000135,27
904,0.00038,0.00025,8e-05,0.00022,False,0,0.00014,28
905,0.00038,0.000255,8e-05,0.00022,False,0,0.00014,28
906,0.00038,0.00026,8e-05,0.00022,False,0,0.00014,28
907,0.00038,0.000265,8e-05,0.000205,True,5,0.000125,20
908,0.00038,0.00027,0.000175,0.000195,False,0,2e-05,4
909,0.000385,0.000125,0.000135,0.000165,False,0,3e-05,6
910,0.000385,0.00013,0.000125,0.000175,False,0,5e-05,10
911,0.000385,0.000135,0.00012,0.00018,False,0,6e-05,12
912,0.000385,0.00014,0.000115,0.00018,False,0,6.5e-05,13
913,0.000385,0.000145,0.00011,0.000185,False,0,7.5e-05,15
914,0.000385,0.00015,0.00011,0.00019,False,0,8e-05,16
915,0.000385,0.000155,0.000105,0.00019,False,0,8.5e-05,17
916,0.000385,0.00016,0.000105,0.00019,False,0,8.5e-05,17
917,0.000385,0.000165,0.000105,0.000195,False,0,9e-05,18
918,0.000385,0.00017,0.0001,0.000195,False,0,9.5e-05,19
919,0.000385,0.000175,0.0001,0.000195,False,0,9.5e-05,19
920,0.000385,0.00018,0.0001,0.0002,False,0,0.0001,20
921,0.000385,0.000185,0.0001,0.0002,False,0,0.0001,20
922,0.000385,0.00019,9.5e-05,0.0002,False,0,0.000105,21
923,0.000385,0.000195,9.5e-05,0.0002,False,0,0.000105,21
924,0.000385,0.0002,9.5e-05,0.000205,False,0,0.00011,22
925,0.000385,0.000205,9e-05,0.000205,False,0,0.000115,23
926,0.000385,0.00021,9e-05,0.000205,False,0,0.000115,23
927,0.000385,0.000215,9e-05,0.000205,False,0,0.000115,23
928,0.000385,0.00022,8.5e-05,0.00021,False,0,0.000125,25
929,0.000385,0.000225,8.5e-05,0.00021,False,0,0.000125,25
930,0.000385,0.00023,8.5e-05,0.00021,False,0,0.000125,25
931,0.000385,0.000235,8e-05,0.00021,False,0,0.00013,26
932,0.000385,0.00024,8e-05,0.000215,False,0,0.000135,27
933,0.000385,0.000245,8e-05,0.000215,False,0,0.000135,27
934,0.000385,0.00025,8e-05,0.000215,False,0,0.000135,27
935,0.000385,0.000255,7.5e-05,0.000215,False,0,0.00014,28
936,0.000385,0.00026,7.5e-05,0.000215,False,0,0.00014,28
937,0.000385,0.000265,8e-05,0.000205,True,6,0.000125,19
938,0.000385,0.00027,0.00018,0.0002,False,0,2e-05,4
939,0.000385,0.000275,0.000185,0.00019,False,0,5e-06,1
940,0.00039,0.000125,0.000135,0.000165,False,0,3e-05,6
941,0.00039,0.00013,0.000125,0.000175,False,0,5e-05,10
942,0.00039,0.000135,0.00012,0.00018,False,0,6e-05,12
943,0.00039,0.00014,0.000115,0.00018,False,0,6.5e-05,13
944,0.00039,0.000145,0.00011,0.000185,False,0,7.5e-05,15
945,0.00039,0.00015,0.00011,0.00019,False,0,8e-05,16
946,0.00039,0.000155,0.000105,0.00019,False,0,8.5e-05,17
947,0.00039,0.00016,0.000105,0.00019,False,0,8.5e-05,17
948,0.00039,0.000165,0.000105,0.000195,False,0,9e-05,18
949,0.00039,0.00017,0.0001,0.000195,False,0,9.5e-05,19
950,0.00039,0.000175,0.0001,0.000195,False,0,9.5e-05,19
951,0.00039,0.00018,0.0001,0.0002,False,0,0.0001,20
952,0.00039,0.000185,0.0001,0.0002,False,0,0.0001,20
953,0.00039,0.00019,9.5e-05,0.0002,False,0,0.000105,21
954,0.00039,0.000195,9.5e-05,0.0002,False,0,0.000105,21
955,0.00039,0.0002,9.5e-05,0.0002,False,0,0.000105,21
956,0.00039,0.000205,9e-05,0.000205,False,0,0.000115,23
957,0.00039,0.00021,9e-05,0.000205,False,0,0.000115,23
958,0.00039,0.000215,9e-05,0.000205,False,0,0.000115,23
959,0.00039,0.00022,8.5e-05,0.00021,False,0,0.000125,25
960,0.00039,0.000225,8.5e-05,0.00021,False,0,0.000125,25
961,0.00039,0.00023,8e-05,0.00021,False,0,0.00013,26
962,0.00039,0.000235,8e-05,0.00021,False,0,0.00013,26
963,0.00039,0.00024,8e-05,0.00021,False,0,0.00013,26
964,0.00039,0.000245,8e-05,0.000215,False,0,0.000135,27
965,0.00039,0.00025,8e-05,0.000215,False,0,0.000135,27
966,0.00039,0.000255,7.5e-05,0.000215,False,0,0.00014,28
967,0.00039,0.00026,7.5e-05,0.000215,False,0,0.00014,28
968,0.00039,0.000265,8e-05,0.000205,True,6,0.000125,19
969,0.00039,0.00027,0.00018,0.0002,False,0,2e-05,4
970,0.00039,0.000275,0.000185,0.00019,False,0,5e-06,1
971,0.000395,0.000125,0.000135,0.000165,False,0,3e-05,6
972,0.000395,0.00013,0.000125,0.000175,False,0,5e-05,10
973,0.000395,0.000135,0.00012,0.00018,False,0,6e-05,12
974,0.000395,0.00014,0.000115,0.00018,False,0,6.5e-05,13
975,0.000395,0.000145,0.00011,0.000185,False,0,7.5e-05,15
976,0.000395,0.00015,0.00011,0.00019,False,0,8e-05,16
977,0.000395,0.000155,0.000105,0.00019,False,0,8.5e-05,17
978,0.000395,0.00016,0.000105,0.00019,False,0,8.5e-05,17
979,0.000395,0.000165,0.000105,0.000195,False,0,9e-05,18
980,0.000395,0.00017,0.0001,0.000195,False,0,9.5e-05,19
981,0.000395,0.000175,0.0001,0.000195,False,0,9.5e-05,19
982,0.000395,0.00018,0.0001,0.0002,False,0,0.0001,20
983,0.000395,0.000185,0.0001,0.0002,False,0,0.0001,20
984,0.000395,0.00019,9.5e-05,0.0002,False,0,0.000105,21
985,0.000395,0.000195,9.5e-05,0.0002,False,0,0.000105,21
986,0.000395,0.0002,9.5e-05,0.000205,False,0,0.00011,22
987,0.000395,0.000205,9e-05,0.000205,False,0,0.000115,23
988,0.000395,0.00021,9e-05,0.000205,False,0,0.000115,23
989,0.000395,0.000215,8.5e-05,0.000205,False,0,0.00012,24
990,0.000395,0.00022,8.5e-05,0.00021,False,0,0.000125,25
991,0.000395,0.000225,8.5e-05,0.000215,False,0,0.00013,26
992,0.000395,0.00023,8e-05,0.000215,False,0,0.000135,27
993,0.000395,0.000235,8e-05,0.000215,False,0,0.000135,27
994,0.000395,0.00024,8e-05,0.00021,False,0,0.00013,26
995,0.000395,0.000245,8e-05,0.000215,False,0,0.000135,27
996,0.000395,0.00025,7.5e-05,0.000215,False,0,0.00014,28
997,0.000395,0.000255,7.5e-05,0.00022,False,0,0.000145,29
998,0.000395,0.00026,8e-05,0.00022,False,0,0.00014,28
999,0.000395,0.000265,0.0001,0.00022,True,9,0.00012,15
1000,0.000395,0.00027,0.000175,0.000195,False,0,2e-05,4
1001,0.0004,0.000125,0.000135,0.000165,False,0,3e-05,6
1002,0.0004,0.00013,0.000125,0.000175,False,0,5e-05,10
1003,0.0004,0.000135,0.00012,0.00018,False,0,6e-05,12
1004,0.0004,0.00014,0.000115,0.000185,False,0,7e-05,14
1005,0.0004,0.000145,0.00011,0.000185,False,0,7.5e-05,15
1006,0.0004,0.00015,0.00011,0.00019,False,0,8e-05,16
1007,0.0004,0.000155,0.000105,0.00019,False,0,8.5e-05,17
1008,0.0004,0.00016,0.000105,0.000195,False,0,9e-05,18
1009,0.0004,0.000165,0.000105,0.000195,False,0,9e-05,18
1010,0.0004,0.00017,0.0001,0.000195,False,0,9.5e-05,19
1011,0.0004,0.000175,0.0001,0.000195,False,0,9.5e-05,19
1012,0.0004,0.00018,0.0001,0.0002,False,0,0.0001,20
1013,0.0004,0.000185,0.0001,0.0002,False,0,0.0001,20
1014,0.0004,0.00019,9.5e-05,0.0002,False,0,0.000105,21
1015,0.0004,0.000195,9.5e-05,0.0002,False,0,0.000105,21
1016,0.0004,0.0002,9.5e-05,0.000205,False,0,0.00011,22
1017,0.0004,0.000205,9e-05,0.000205,False,0,0.000115,23
1018,0.0004,0.00021,9e-05,0.000205,False,0,0.000115,23
1019,0.0004,0.000215,8.5e-05,0.00021,False,0,0.000125,25
1020,0.0004,0.00022,8.5e-05,0.00021,False,0,0.000125,25
1021,0.0004,0.000225,8.5e-05,0.000215,False,0,0.00013,26
1022,0.0004,0.00023,8.5e-05,0.000215,False,0,0.00013,26
1023,0.0004,0.000235,8.5e-05,0.000215,False,0,0.00013,26
1024,0.0004,0.00024,8e-05,0.000215,False,0,0.000135,27
1025,0.0004,0.000245,8e-05,0.000215,False,0,0.000135,27
1026,0.0004,0.00025,7.5e-05,0.000215,False,0,0.00014,28
1027,0.0004,0.000255,7.5e-05,0.00022,False,0,0.000145,29
1028,0.0004,0.00026,8e-05,0.00022,False,0,0.00014,28
1029,0.0004,0.000265,0.0001,0.00022,True,8,0.00012,16
1030,0.0004,0.00027,0.000175,0.00018,False,0,5e-06,1
1031,0.0004,0.000275,0.000145,0.00015,False,0,5e-06,1
1032,0.0004,0.00028,0.000145,0.00015,False,0,5e-06,1
1033,0.000405,0.000125,0.000135,0.000165,False,0,3e-05,6
1034,0.000405,0.00013,0.000125,0.000175,False,0,5e-05,10
1035,0.000405,0.000135,0.00012,0.00018,False,0,6e-05,12
1036,0.000405,0.00014,0.000115,0.000185,False,0,7e-05,14
1037,0.000405,0.000145,0.00011,0.000185,False,0,7.5e-05,15
1038,0.000405,0.00015,0.00011,0.00019,False,0,8e-05,16
1039,0.000405,0.000155,0.000105,0.00019,False,0,8.5e-05,17
1040,0.000405,0.00016,0.000105,0.000195,False,0,9e-05,18
1041,0.000405,0.000165,0.000105,0.000195,False,0,9e-05,18
1042,0.000405,0.00017,0.0001,0.000195,False,0,9.5e-05,19
1043,0.000405,0.000175,0.0001,0.000195,False,0,9.5e-05,19
1044,0.000405,0.00018,0.0001,0.0002,False,0,0.0001,20
1045,0.000405,0.000185,0.0001,0.0002,False,0,0.0001,20
1046,0.000405,0.00019,9.5e-05,0.0002,False,0,0.000105,21
1047,0.000405,0.000195,9.5e-05,0.0002,False,0,0.000105,21
1048,0.000405,0.0002,9.5e-05,0.000205,False,0,0.00011,22
1049,0.000405,0.000205,9e-05,0.000205,False,0,0.000115,23
1050,0.000405,0.00021,9e-05,0.000205,False,0,0.000115,23
1051,0.000405,0.000215,8.5e-05,0.00021,False,0,0.000125,25
1052,0.000405,0.00022,8.5e-05,0.00021,False,0,0.000125,25
1053,0.000405,0.000225,8.5e-05,0.00021,False,0,0.000125,25
1054,0.000405,0.00023,8.5e-05,0.00021,False,0,0.000125,25
1055,0.000405,0.000235,8.5e-05,0.000215,False,0,0.00013,26
1056,0.000405,0.00024,8e-05,0.000215,False,0,0.000135,27
1057,0.000405,0.000245,8e-05,0.000215,False,0,0.000135,27
1058,0.000405,0.00025,8e-05,0.00022,False,0,0.00014,28
1059,0.000405,0.000255,8e-05,0.000225,False,0,0.000145,29
1060,0.000405,0.00026,8e-05,0.000225,False,0,0.000145,29
1061,0.000405,0.000265,8e-05,0.00022,True,9,0.00014,19
1062,0.000405,0.00027,0.00017,0.0002,False,0,3e-05,6
1063,0.000405,0.000275,0.000145,0.00015,False,0,5e-06,1
1064,0.000405,0.00028,0.000145,0.00015,False,0,5e-06,1
1065,0.00041,0.000125,0.000135,0.000165,False,0,3e-05,6
1066,0.00041,0.00013,0.000125,0.000175,False,0,5e-05,10
1067,0.00041,0.000135,0.00012,0.00018,False,0,6e-05,12
1068,0.00041,0.00014,0.000115,0.000185,False,0,7e-05,14
1069,0.00041,0.000145,0.00011,0.000185,False,0,7.5e-05,15
1070,0.00041,0.00015,0.00011,0.00019,False,0,8e-05,16
1071,0.00041,0.000155,0.000105,0.00019,False,0,8.5e-05,17
1072,0.00041,0.00016,0.000105,0.000195,False,0,9e-05,18
1073,0.00041,0.000165,0.000105,0.000195,False,0,9e-05,18
1074,0.00041,0.00017,0.0001,0.000195,False,0,9.5e-05,19
1075,0.00041,0.000175,0.0001,0.000195,False,0,9.5e-05,19
1076,0.00041,0.00018,0.0001,0.0002,False,0,0.0001,20
1077,0.00041,0.000185,0.0001,0.0002,False,0,0.0001,20
1078,0.00041,0.00019,9.5e-05,0.0002,False,0,0.000105,21
1079,0.00041,0.000195,9.5e-05,0.0002,False,0,0.000105,21
1080,0.00041,0.0002,9.5e-05,0.000205,False,0,0.00011,22
1081,0.00041,0.000205,9e-05,0.000205,False,0,0.000115,23
1082,0.00041,0.00021,9e-05,0.000205,False,0,0.000115,23
1083,0.00041,0.000215,8.5e-05,0.00021,False,0,0.000125,25
1084,0.00041,0.00022,8.5e-05,0.00021,False,0,0.000125,25
1085,0.00041,0.000225,8.5e-05,0.00021,False,0,0.000125,25
1086,0.00041,0.00023,8.5e-05,0.00021,False,0,0.000125,25
1087,0.00041,0.000235,8.5e-05,0.000215,False,0,0.00013,26
1088,0.00041,0.00024,8.5e-05,0.000215,False,0,0.00013,26
1089,0.00041,0.000245,8e-05,0.000215,False,0,0.000135,27
1090,0.00041,0.00025,8e-05,0.00022,False,0,0.00014,28
1091,0.00041,0.000255,8e-05,0.000225,False,0,0.000145,29
1092,0.00041,0.00026,7.5e-05,0.000225,False,0,0.00015,30
1093,0.00041,0.000265,7.5e-05,0.000225,False,0,0.00015,30
1094,0.00041,0.00027,7.5e-05,0.00022,True,13,0.000145,16
1095,0.00041,0.000275,0.00019,0.0002,False,0,1e-05,2
1096,0.000415,0.000125,0.000135,0.00016,False,0,2.5e-05,5
1097,0.000415,0.00013,0.000125,0.00017,False,0,4.5e-05,9
1098,0.000415,0.000135,0.00012,0.00018,False,0,6e-05,12
1099,0.000415,0.00014,0.000115,0.000185,False,0,7e-05,14
1100,0.000415,0.000145,0.00011,0.000185,False,0,7.5e-05,15
1101,0.000415,0.00015,0.00011,0.00019,False,0,8e-05,16
1102,0.000415,0.000155,0.00011,0.00019,False,0,8e-05,16
1103,0.000415,0.00016,0.000105,0.000195,False,0,9e-05,18
1104,0.000415,0.000165,0.000105,0.000195,False,0,9e-05,18
1105,0.000415,0.00017,0.000105,0.000195,False,0,9e-05,18
1106,0.000415,0.000175,0.0001,0.000195,False,0,9.5e-05,19
1107,0.000415,0.00018,0.0001,0.0002,False,0,0.0001,20
1108,0.000415,0.000185,0.0001,0.0002,False,0,0.0001,20
1109,0.000415,0.00019,9.5e-05,0.0002,False,0,0.000105,21
1110,0.000415,0.000195,9.5e-05,0.0002,False,0,0.000105,21
1111,0.000415,0.0002,9.5e-05,0.000205,False,0,0.00011,22
1112,0.000415,0.000205,9e-05,0.000205,False,0,0.000115,23
1113,0.000415,0.00021,9e-05,0.000205,False,0,0.000115,23
1114,0.000415,0.000215,9e-05,0.00021,False,0,0.00012,24
1115,0.000415,0.00022,8.5e-05,0.00021,False,0,0.000125,25
1116,0.000415,0.000225,8.5e-05,0.00021,False,0,0.000125,25
1117,0.000415,0.00023,8.5e-05,0.00021,False,0,0.000125,25
1118,0.000415,0.000235,8.5e-05,0.000215,False,0,0.00013,26
1119,0.000415,0.00024,8e-05,0.000215,False,0,0.000135,27
1120,0.000415,0.000245,8e-05,0.00022,False,0,0.00014,28
1121,0.000415,0.00025,8e-05,0.00023,False,0,0.00015,30
1122,0.000415,0.000255,8e-05,0.00023,False,0,0.00015,30
1123,0.000415,0.00026,7.5e-05,0.00023,False,0,0.000155,31
1124,0.000415,0.000265,7e-05,0.000225,False,0,0.000155,31
1125,0.000415,0.00027,7e-05,0.00022,True,9,0.00015,21
1126,0.000415,0.000275,0.000145,0.0002,True,7,5.5e-05,4
1127,0.000415,0.00028,0.000145,0.00015,False,0,5e-06,1
1128,0.00042,0.000125,0.000135,0.00016,False,0,2.5e-05,5
1129,0.00042,0.00013,0.000125,0.00017,False,0,4.5e-05,9
1130,0.00042,0.000135,0.00012,0.00018,False,0,6e-05,12
1131,0.00042,0.00014,0.000115,0.00018,False,0,6.5e-05,13
1132,0.00042,0.000145,0.00011,0.000185,False,0,7.5e-05,15
1133,0.00042,0.00015,0.00011,0.00019,False,0,8e-05,16
1134,0.00042,0.000155,0.00011,0.00019,False,0,8e-05,16
1135,0.00042,0.00016,0.000105,0.000195,False,0,9e-05,18
1136,0.00042,0.000165,0.000105,0.000195,False,0,9e-05,18
1137,0.00042,0.00017,0.000105,0.000195,False,0,9e-05,18
1138,0.00042,0.000175,0.0001,0.000195,False,0,9.5e-05,19
1139,0.00042,0.00018,0.0001,0.0002,False,0,0.0001,20
1140,0.00042,0.000185,0.0001,0.0002,False,0,0.0001,20
1141,0.00042,0.00019,9.5e-05,0.0002,False,0,0.000105,21
1142,0.00042,0.000195,9.5e-05,0.0002,False,0,0.000105,21
1143,0.00042,0.0002,9.5e-05,0.000205,False,0,0.00011,22
1144,0.00042,0.000205,9e-05,0.000205,False,0,0.000115,23
1145,0.00042,0.00021,9e-05,0.000205,False,0,0.000115,23
1146,0.00042,0.000215,9e-05,0.00021,False,0,0.00012,24
1147,0.00042,0.00022,8.5e-05,0.00021,False,0,0.000125,25
1148,0.00042,0.000225,8.5e-05,0.00021,False,0,0.000125,25
1149,0.00042,0.00023,8.5e-05,0.00021,False,0,0.000125,25
1150,0.00042,0.000235,8.5e-05,0.000215,False,0,0.00013,26
1151,0.00042,0.00024,8e-05,0.000215,False,0,0.000135,27
1152,0.00042,0.000245,8e-05,0.00022,False,0,0.00014,28
1153,0.00042,0.00025,8e-05,0.00023,False,0,0.00015,30
1154,0.00042,0.000255,8e-05,0.00023,False,0,0.00015,30
1155,0.00042,0.00026,7.5e-05,0.00023,False,0,0.000155,31
1156,0.00042,0.000265,7e-05,0.000225,False,0,0.000155,31
1157,0.00042,0.00027,7e-05,0.000205,True,8,0.000135,19
1158,0.00042,0.000275,0.000145,0.0002,True,7,5.5e-05,4
1159,0.00042,0.00028,0.000145,0.00015,False,0,5e-06,1
1160,0.000425,0.000125,0.000135,0.00016,False,0,2.5e-05,5
1161,0.000425,0.00013,0.000125,0.00017,False,0,4.5e-05,9
1162,0.000425,0.000135,0.00012,0.00018,False,0,6e-05,12
1163,0.000425,0.00014,0.000115,0.00018,False,0,6.5e-05,13
1164,0.000425,0.000145,0.00011,0.000185,False,0,7.5e-05,15
1165,0.000425,0.00015,0.00011,0.00019,False,0,8e-05,16
1166,0.000425,0.000155,0.00011,0.00019,False,0,8e-05,16
1167,0.000425,0.00016,0.000105,0.00019,False,0,8.5e-05,17
1168,0.000425,0.000165,0.000105,0.000195,False,0,9e-05,18
1169,0.000425,0.00017,0.000105,0.000195,False,0,9e-05,18
1170,0.000425,0.000175,0.0001,0.000195,False,0,9.5e-05,19
1171,0.000425,0.00018,0.0001,0.0002,False,0,0.0001,20
1172,0.000425,0.000185,0.0001,0.0002,False,0,0.0001,20
1173,0.000425,0.00019,9.5e-05,0.0002,False,0,0.000105,21
1174,0.000425,0.000195,9.5e-05,0.0002,False,0,0.000105,21
1175,0.000425,0.0002,9.5e-05,0.000205,False,0,0.00011,22
1176,0.000425,0.000205,9e-05,0.000205,False,0,0.000115,23
1177,0.000425,0.00021,9e-05,0.000205,False,0,0.000115,23
1178,0.000425,0.000215,9e-05,0.00021,False,0,0.00012,24
1179,0.000425,0.00022,8.5e-05,0.00021,False,0,0.000125,25
1180,0.000425,0.000225,8.5e-05,0.00021,False,0,0.000125,25
1181,0.000425,0.00023,8.5e-05,0.00021,False,0,0.000125,25
1182,0.000425,0.000235,8.5e-05,0.000215,False,0,0.00013,26
1183,0.000425,0.00024,8.5e-05,0.000215,False,0,0.00013,26
1184,0.000425,0.000245,8e-05,0.00022,False,0,0.00014,28
1185,0.000425,0.00025,8e-05,0.00023,False,0,0.00015,30
1186,0.000425,0.000255,8e-05,0.00023,False,0,0.00015,30
1187,0.000425,0.00026,7.5e-05,0.000225,False,0,0.00015,30
1188,0.000425,0.000265,7e-05,0.000225,False,0,0.000155,31
1189,0.000425,0.00027,7e-05,0.00022,True,10,0.00015,20
1190,0.000425,0.000275,7.5e-05,0.0002,True,22,0.000125,3
1191,0.00043,0.000125,0.00014,0.00016,False,0,2e-05,4
1192,0.00043,0.00013,0.000125,0.00017,False,0,4.5e-05,9
1193,0.00043,0.000135,0.00012,0.00018,False,0,6e-05,12
1194,0.00043,0.00014,0.000115,0.00018,False,0,6.5e-05,13
1195,0.00043,0.000145,0.000115,0.000185,False,0,7e-05,14
1196,0.00043,0.00015,0.00011,0.00019,False,0,8e-05,16
1197,0.00043,0.000155,0.00011,0.00019,False,0,8e-05,16
1198,0.00043,0.00016,0.000105,0.00019,False,0,8.5e-05,17
1199,0.00043,0.000165,0.000105,0.000195,False,0,9e-05,18
1200,0.00043,0.00017,0.000105,0.000195,False,0,9e-05,18
1201,0.00043,0.000175,0.0001,0.000195,False,0,9.5e-05,19
1202,0.00043,0.00018,0.0001,0.0002,False,0,0.0001,20
1203,0.00043,0.000185,0.0001,0.0002,False,0,0.0001,20
1204,0.00043,0.00019,9.5e-05,0.0002,False,0,0.000105,21
1205,0.00043,0.000195,9.5e-05,0.0002,False,0,0.000105,21
1206,0.00043,0.0002,9e-05,0.000205,False,0,0.000115,23
1207,0.00043,0.000205,9e-05,0.000205,False,0,0.000115,23
1208,0.00043,0.00021,9e-05,0.000205,False,0,0.000115,23
1209,0.00043,0.000215,8.5e-05,0.00021,False,0,0.000125,25
1210,0.00043,0.00022,8.5e-05,0.00021,False,0,0.000125,25
1211,0.00043,0.000225,8.5e-05,0.00021,False,0,0.000125,25
1212,0.00043,0.00023,8.5e-05,0.00021,False,0,0.000125,25
1213,0.00043,0.000235,8.5e-05,0.000215,False,0,0.00013,26
1214,0.00043,0.00024,8.5e-05,0.000215,False,0,0.00013,26
1215,0.00043,0.000245,8e-05,0.00022,False,0,0.00014,28
1216,0.00043,0.00025,8e-05,0.000225,False,0,0.000145,29
1217,0.00043,0.000255,7.5e-05,0.00023,False,0,0.000155,31
1218,0.00043,0.00026,7.5e-05,0.00023,False,0,0.000155,31
1219,0.00043,0.000265,7.5e-05,0.000225,False,0,0.00015,30
1220,0.00043,0.00027,7.5e-05,0.00022,True,13,0.000145,16
1221,0.00043,0.000275,7.5e-05,8.5e-05,False,0,1e-05,2
1222,0.000435,0.000125,0.00014,0.00016,False,0,2e-05,4
1223,0.000435,0.00013,0.000125,0.00017,False,0,4.5e-05,9
1224,0.000435,0.000135,0.00012,0.00018,False,0,6e-05,12
1225,0.000435,0.00014,0.000115,0.00018,False,0,6.5e-05,13
1226,0.000435,0.000145,0.000115,0.000185,False,0,7e-05,14
1227,0.000435,0.00015,0.00011,0.00019,False,0,8e-05,16
1228,0.000435,0.000155,0.00011,0.00019,False,0,8e-05,16
1229,0.000435,0.00016,0.000105,0.00019,False,0,8.5e-05,17
1230,0.000435,0.000165,0.000105,0.000195,False,0,9e-05,18
1231,0.000435,0.00017,0.000105,0.000195,False,0,9e-05,18
1232,0.000435,0.000175,0.0001,0.000195,False,0,9.5e-05,19
1233,0.000435,0.00018,0.0001,0.0002,False,0,0.0001,20
1234,0.000435,0.000185,0.0001,0.0002,False,0,0.0001,20
1235,0.000435,0.00019,9.5e-05,0.0002,False,0,0.000105,21
1236,0.000435,0.000195,9.5e-05,0.000205,False,0,0.00011,22
1237,0.000435,0.0002,9e-05,0.000205,False,0,0.000115,23
1238,0.000435,0.000205,9e-05,0.000205,False,0,0.000115,23
1239,0.000435,0.00021,9e-05,0.00021,False,0,0.00012,24
1240,0.000435,0.000215,8.5e-05,0.00021,False,0,0.000125,25
1241,0.000435,0.00022,8.5e-05,0.00021,False,0,0.000125,25
1242,0.000435,0.000225,8.5e-05,0.00021,False,0,0.000125,25
1243,0.000435,0.00023,8.5e-05,0.000215,False,0,0.00013,26
1244,0.000435,0.000235,8.5e-05,0.000215,False,0,0.00013,26
1245,0.000435,0.00024,8.5e-05,0.000215,False,0,0.00013,26
1246,0.000435,0.000245,8e-05,0.00022,False,0,0.00014,28
1247,0.000435,0.00025,8e-05,0.00022,False,0,0.00014,28
1248,0.000435,0.000255,7.5e-05,0.00023,False,0,0.000155,31
1249,0.000435,0.00026,7.5e-05,0.00023,False,0,0.000155,31
1250,0.000435,0.000265,7.5e-05,0.000225,False,0,0.00015,30
1251,0.000435,0.00027,7.5e-05,0.00022,True,16,0.000145,13
1252,0.000435,0.000275,8e-05,8.5e-05,False,0,5e-06,1
1253,0.00044,0.000125,0.00014,0.00016,False,0,2e-05,4
1254,0.00044,0.00013,0.000125,0.00017,False,0,4.5e-05,9
1255,0.00044,0.000135,0.00012,0.00018,False,0,6e-05,12
1256,0.00044,0.00014,0.000115,0.00018,False,0,6.5e-05,13
1257,0.00044,0.000145,0.000115,0.000185,False,0,7e-05,14
1258,0.00044,0.00015,0.00011,0.00019,False,0,8e-05,16
1259,0.00044,0.000155,0.00011,0.00019,False,0,8e-05,16
1260,0.00044,0.00016,0.000105,0.00019,False,0,8.5e-05,17
1261,0.00044,0.000165,0.000105,0.000195,False,0,9e-05,18
1262,0.00044,0.00017,0.000105,0.000195,False,0,9e-05,18
1263,0.00044,0.000175,0.0001,0.000195,False,0,9.5e-05,19
1264,0.00044,0.00018,0.0001,0.0002,False,0,0.0001,20
1265,0.00044,0.000185,0.0001,0.0002,False,0,0.0001,20
1266,0.00044,0.00019,9.5e-05,0.0002,False,0,0.000105,21
1267,0.00044,0.000195,9.5e-05,0.000205,False,0,0.00011,22
1268,0.00044,0.0002,9.5e-05,0.000205,False,0,0.00011,22
1269,0.00044,0.000205,9e-05,0.00021,False,0,0.00012,24
1270,0.00044,0.00021,9e-05,0.00021,False,0,0.00012,24
1271,0.00044,0.000215,9e-05,0.00021,False,0,0.00012,24
1272,0.00044,0.00022,8.5e-05,0.00021,False,0,0.000125,25
1273,0.00044,0.000225,8.5e-05,0.00021,False,0,0.000125,25
1274,0.00044,0.00023,8.5e-05,0.000215,False,0,0.00013,26
1275,0.00044,0.000235,8.5e-05,0.000215,False,0,0.00013,26
1276,0.00044,0.00024,8.5e-05,0.000215,False,0,0.00013,26
1277,0.00044,0.000245,8e-05,0.00022,False,0,0.00014,28
1278,0.00044,0.00025,8e-05,0.00022,False,0,0.00014,28
1279,0.00044,0.000255,7.5e-05,0.00022,False,0,0.000145,29
1280,0.00044,0.00026,7.5e-05,0.000225,False,0,0.00015,30
1281,0.00044,0.000265,7.5e-05,0.000225,True,1,0.00015,29
1282,0.00044,0.00027,8e-05,0.00013,True,2,5e-05,8
1283,0.000445,0.000125,0.00014,0.00016,False,0,2e-05,4
1284,0.000445,0.00013,0.000125,0.00017,False,0,4.5e-05,9
1285,0.000445,0.000135,0.00012,0.00018,False,0,6e-05,12
1286,0.000445,0.00014,0.000115,0.00018,False,0,6.5e-05,13
1287,0.000445,0.000145,0.000115,0.000185,False,0,7e-05,14
1288,0.000445,0.00015,0.00011,0.00019,False,0,8e-05,16
1289,0.000445,0.000155,0.00011,0.00019,False,0,8e-05,16
1290,0.000445,0.00016,0.000105,0.00019,False,0,8.5e-05,17
1291,0.000445,0.000165,0.000105,0.000195,False,0,9e-05,18
1292,0.000445,0.00017,0.000105,0.000195,False,0,9e-05,18
1293,0.000445,0.000175,0.0001,0.000195,False,0,9.5e-05,19
1294,0.000445,0.00018,0.0001,0.0002,False,0,0.0001,20
1295,0.000445,0.000185,0.0001,0.0002,False,0,0.0001,20
1296,0.000445,0.00019,9.5e-05,0.0002,False,0,0.000105,21
1297,0.000445,0.000195,9.5e-05,0.000205,False,0,0.00011,22
1298,0.000445,0.0002,9.5e-05,0.000205,False,0,0.00011,22
1299,0.000445,0.000205,9e-05,0.00021,False,0,0.00012,24
1300,0.000445,0.00021,9e-05,0.00021,False,0,0.00012,24
1301,0.000445,0.000215,9e-05,0.00021,False,0,0.00012,24
1302,0.000445,0.00022,8.5e-05,0.00021,False,0,0.000125,25
1303,0.000445,0.000225,8.5e-05,0.00021,False,0,0.000125,25
1304,0.000445,0.00023,8.5e-05,0.00021,False,0,0.000125,25
1305,0.000445,0.000235,8.5e-05,0.000215,False,0,0.00013,26
1306,0.000445,0.00024,8.5e-05,0.000215,False,0,0.00013,26
1307,0.000445,0.000245,8e-05,0.000215,False,0,0.000135,27
1308,0.000445,0.00025,8e-05,0.000215,False,0,0.000135,27
1309,0.000445,0.000255,7.5e-05,0.00022,False,0,0.000145,29
1310,0.000445,0.00026,7.5e-05,0.000225,False,0,0.00015,30
1311,0.000445,0.000265,8e-05,0.000225,True,6,0.000145,23
1312,0.000445,0.00027,0.00011,0.000135,False,0,2.5e-05,5
1313,0.00045,0.000125,0.000135,0.00016,False,0,2.5e-05,5
1314,0.00045,0.00013,0.000125,0.00017,False,0,4.5e-05,9
1315,0.00045,0.000135,0.00012,0.00018,False,0,6e-05,12
1316,0.00045,0.00014,0.000115,0.00018,False,0,6.5e-05,13
1317,0.00045,0.000145,0.000115,0.000185,False,0,7e-05,14
1318,0.00045,0.00015,0.00011,0.00019,False,0,8e-05,16
1319,0.00045,0.000155,0.00011,0.00019,False,0,8e-05,16
1320,0.00045,0.00016,0.000105,0.00019,False,0,8.5e-05,17
1321,0.00045,0.000165,0.000105,0.000195,False,0,9e-05,18
1322,0.00045,0.00017,0.000105,0.000195,False,0,9e-05,18
1323,0.00045,0.000175,0.0001,0.000195,False,0,9.5e-05,19
1324,0.00045,0.00018,0.0001,0.0002,False,0,0.0001,20
1325,0.00045,0.000185,0.0001,0.0002,False,0,0.0001,20
1326,0.00045,0.00019,9.5e-05,0.0002,False,0,0.000105,21
1327,0.00045,0.000195,9.5e-05,0.000205,False,0,0.00011,22
1328,0.00045,0.0002,9.5e-05,0.000205,False,0,0.00011,22
1329,0.00045,0.000205,9e-05,0.00021,False,0,0.00012,24
1330,0.00045,0.00021,9e-05,0.00021,False,0,0.00012,24
1331,0.00045,0.000215,9e-05,0.00021,False,0,0.00012,24
1332,0.00045,0.00022,9e-05,0.00021,False,0,0.00012,24
1333,0.00045,0.000225,8.5e-05,0.00021,False,0,0.000125,25
1334,0.00045,0.00023,8.5e-05,0.00021,False,0,0.000125,25
1335,0.00045,0.000235,8.5e-05,0.000215,False,0,0.00013,26
1336,0.00045,0.00024,8.5e-05,0.000215,False,0,0.00013,26
1337,0.00045,0.000245,8.5e-05,0.000215,False,0,0.00013,26
1338,0.00045,0.00025,8e-05,0.000215,False,0,0.000135,27
1339,0.00045,0.000255,8e-05,0.00022,False,0,0.00014,28
1340,0.00045,0.00026,8e-05,0.00022,False,0,0.00014,28
1341,0.00045,0.000265,9e-05,0.00022,True,4,0.00013,22
1342,0.00045,0.00027,0.00011,0.000135,False,0,2.5e-05,5
1343,0.000455,0.000125,0.000135,0.00016,False,0,2.5e-05,5
1344,0.000455,0.00013,0.000125,0.00017,False,0,4.5e-05,9
1345,0.000455,0.000135,0.00012,0.00018,False,0,6e-05,12
1346,0.000455,0.00014,0.000115,0.00018,False,0,6.5e-05,13
1347,0.000455,0.000145,0.000115,0.000185,False,0,7e-05,14
1348,0.000455,0.00015,0.00011,0.00019,False,0,8e-05,16
1349,0.000455,0.000155,0.00011,0.00019,False,0,8e-05,16
1350,0.000455,0.00016,0.000105,0.00019,False,0,8.5e-05,17
1351,0.000455,0.000165,0.000105,0.000195,False,0,9e-05,18
1352,0.000455,0.00017,0.000105,0.000195,False,0,9e-05,18
1353,0.000455,0.000175,0.0001,0.0002,False,0,0.0001,20
1354,0.000455,0.00018,0.0001,0.0002,False,0,0.0001,20
1355,0.000455,0.000185,0.0001,0.0002,False,0,0.0001,20
1356,0.000455,0.00019,9.5e-05,0.000205,False,0,0.00011,22
1357,0.000455,0.000195,9.5e-05,0.000205,False,0,0.00011,22
1358,0.000455,0.0002,9.5e-05,0.000205,False,0,0.00011,22
1359,0.000455,0.000205,9e-05,0.00021,False,0,0.00012,24
1360,0.000455,0.00021,9e-05,0.00021,False,0,0.00012,24
1361,0.000455,0.000215,9e-05,0.00021,False,0,0.00012,24
1362,0.000455,0.00022,9e-05,0.00021,False,0,0.00012,24
1363,0.000455,0.000225,8.5e-05,0.00021,False,0,0.000125,25
1364,0.000455,0.00023,8.5e-05,0.00021,False,0,0.000125,25
1365,0.000455,0.000235,8.5e-05,0.000215,False,0,0.00013,26
1366,0.000455,0.00024,8.5e-05,0.000215,False,0,0.00013,26
1367,0.000455,0.000245,8.5e-05,0.000215,False,0,0.00013,26
1368,0.000455,0.00025,8e-05,0.000215,False,0,0.000135,27
1369,0.000455,0.000255,8e-05,0.00022,False,0,0.00014,28
1370,0.000455,0.00026,8.5e-05,0.00022,False,0,0.000135,27
1371,0.000455,0.000265,9.5e-05,0.00022,True,3,0.000125,22
1372,0.000455,0.00027,0.00011,0.000135,False,0,2.5e-05,5
1373,0.00046,0.000125,0.000135,0.00016,False,0,2.5e-05,5
1374,0.00046,0.00013,0.000125,0.00017,False,0,4.5e-05,9
1375,0.00046,0.000135,0.00012,0.00018,False,0,6e-05,12
1376,0.00046,0.00014,0.000115,0.00018,False,0,6.5e-05,13
1377,0.00046,0.000145,0.000115,0.000185,False,0,7e-05,14
1378,0.00046,0.00015,0.00011,0.00019,False,0,8e-05,16
1379,0.00046,0.000155,0.00011,0.00019,False,0,8e-05,16
1380,0.00046,0.00016,0.000105,0.000195,False,0,9e-05,18
1381,0.00046,0.000165,0.000105,0.000195,False,0,9e-05,18
1382,0.00046,0.00017,0.000105,0.000195,False,0,9e-05,18
1383,0.00046,0.000175,0.0001,0.0002,False,0,0.0001,20
1384,0.00046,0.00018,0.0001,0.0002,False,0,0.0001,20
1385,0.00046,0.000185,0.0001,0.0002,False,0,0.0001,20
1386,0.00046,0.00019,9.5e-05,0.000205,False,0,0.00011,22
1387,0.00046,0.000195,9.5e-05,0.000205,False,0,0.00011,22
1388,0.00046,0.0002,9.5e-05,0.00021,False,0,0.000115,23
1389,0.00046,0.000205,9e-05,0.00021,False,0,0.00012,24
1390,0.00046,0.00021,9e-05,0.00021,False,0,0.00012,24
1391,0.00046,0.000215,9e-05,0.00021,False,0,0.00012,24
1392,0.00046,0.00022,9e-05,0.000215,False,0,0.000125,25
1393,0.00046,0.000225,8.5e-05,0.000215,False,0,0.00013,26
1394,0.00046,0.00023,8.5e-05,0.000215,False,0,0.00013,26
1395,0.00046,0.000235,8.5e-05,0.000215,False,0,0.00013,26
1396,0.00046,0.00024,8.5e-05,0.000215,False,0,0.00013,26
1397,0.00046,0.000245,8.5e-05,0.000215,False,0,0.00013,26
1398,0.00046,0.00025,8.5e-05,0.000215,False,0,0.00013,26
1399,0.00046,0.000255,8.5e-05,0.00022,False,0,0.000135,27
1400,0.00046,0.00026,8.5e-05,0.00022,False,0,0.000135,27
1401,0.00046,0.000265,9.5e-05,0.00022,True,5,0.000125,20
1402,0.00046,0.00027,0.000115,0.00022,True,15,0.000105,6
1403,0.000465,0.000125,0.000135,0.00016,False,0,2.5e-05,5
1404,0.000465,0.00013,0.000125,0.00017,False,0,4.5e-05,9
1405,0.000465,0.000135,0.00012,0.00018,False,0,6e-05,12
1406,0.000465,0.00014,0.000115,0.00018,False,0,6.5e-05,13
1407,0.000465,0.000145,0.000115,0.000185,False,0,7e-05,14
1408,0.000465,0.00015,0.00011,0.00019,False,0,8e-05,16
1409,0.000465,0.000155,0.00011,0.00019,False,0,8e-05,16
1410,0.000465,0.00016,0.000105,0.000195,False,0,9e-05,18
1411,0.000465,0.000165,0.000105,0.000195,False,0,9e-05,18
1412,0.000465,0.00017,0.000105,0.000195,False,0,9e-05,18
1413,0.000465,0.000175,0.0001,0.0002,False,0,0.0001,20
1414,0.000465,0.00018,0.0001,0.0002,False,0,0.0001,20
1415,0.000465,0.000185,0.0001,0.0002,False,0,0.0001,20
1416,0.000465,0.00019,0.0001,0.000205,False,0,0.000105,21
1417,0.000465,0.000195,9.5e-05,0.000205,False,0,0.00011,22
1418,0.000465,0.0002,9.5e-05,0.00021,False,0,0.000115,23
1419,0.000465,0.000205,9e-05,0.00021,False,0,0.00012,24
1420,0.000465,0.00021,9e-05,0.00021,False,0,0.00012,24
1421,0.000465,0.000215,9e-05,0.00021,False,0,0.00012,24
1422,0.000465,0.00022,8.5e-05,0.000215,False,0,0.00013,26
1423,0.000465,0.000225,8.5e-05,0.000215,False,0,0.00013,26
1424,0.000465,0.00023,8.5e-05,0.000215,False,0,0.00013,26
1425,0.000465,0.000235,8.5e-05,0.000215,False,0,0.00013,26
1426,0.000465,0.00024,8.5e-05,0.000215,False,0,0.00013,26
1427,0.000465,0.000245,8.5e-05,0.000215,False,0,0.00013,26
1428,0.000465,0.00025,8.5e-05,0.000215,False,0,0.00013,26
1429,0.000465,0.000255,8e-05,0.00022,False,0,0.00014,28
1430,0.000465,0.00026,8e-05,0.000225,False,0,0.000145,29
1431,0.000465,0.000265,8.5e-05,0.000225,True,6,0.00014,22
1432,0.000465,0.00027,0.000185,0.00022,True,1,3.5e-05,6
