sigma,Marangoni_Constant,recoilCoeff,radius_flavour,laser_radius,substrate_temp,absorptivity,width_um_140W,depth_um_140W,area_um2_140W,width_um_200W,depth_um_200W,area_um2_200W,width_um_260W,depth_um_260W,area_um2_260W,objective,status
1.053505731,-0.00069189,0.747713112,2.0,5e-05,300.0,1.0,107.8181818,55.18,737.2727273,123.7272727,67.86636364,1000.818182,137.7272727,79.27909091,1205.909091,17.386337590328356,ok
1.918849288,-0.000668544,1.91682562,2.0,5e-05,300.0,1.0,97.0,50.10545455,686.9090909,115.4545455,63.42454545,976.8181818,128.1818182,78.64363636,1209.363636,12.939270653409164,ok
1.294011945,-0.000320997,1.350694968,2.0,5e-05,300.0,1.0,98.90909091,55.17818182,716.4545455,116.0909091,66.59727273,958.3636364,123.7272727,76.10545455,1177.636364,14.060851701902244,ok
1.266443081,-0.000673872,0.682998485,2.0,5e-05,300.0,1.0,102.7272727,53.27727273,702.1818182,117.3636364,64.69363636,969.2727273,133.9090909,74.84181818,1191.636364,12.29523610301949,ok
1.266443081,-0.000673872,0.682998485,2.0,5e-05,300.0,1.0,102.7272727,53.27727273,702.1818182,117.3636364,64.69363636,969.2727273,133.9090909,74.84181818,1191.636364,12.29523610301949,ok
1.863900752,-9.63e-05,0.78899863,2.0,5e-05,300.0,1.0,86.81818182,50.10363636,600.5454545,101.4545455,58.34818182,823.9090909,109.7272727,67.86454545,1042.272727,10.226767955916449,ok
1.343013935,-0.000419754,1.545456242,2.0,5e-05,300.0,1.0,102.7272727,55.81181818,720.3636364,112.9090909,65.32818182,964.4545455,126.9090909,78.00909091,1200.363636,14.878098592691089,ok
1.805407107,-0.000241163,1.492477463,2.0,5e-05,300.0,1.0,92.54545455,48.83545455,647.2727273,108.4545455,62.15727273,903.7272727,119.2727273,74.20181818,1114.0,10.450012626057962,ok
1.062423353,-0.000399269,1.150278753,2.0,5e-05,300.0,1.0,102.7272727,51.37454545,724.2727273,114.1818182,65.32818182,962.3636364,127.5454545,81.18181818,1219.0,15.74973713062914,ok
1.062423353,-0.000399269,1.150278753,2.0,5e-05,300.0,1.0,102.7272727,51.37454545,724.2727273,114.1818182,65.32818182,962.3636364,127.5454545,81.18181818,1219.0,15.74973713062914,ok
1.374540119,-4.32e-05,1.597990913,2.0,5e-05,300.0,1.0,93.81818182,52.64090909,685.9090909,112.2727273,61.52272727,947.9090909,121.8181818,76.10545455,1180.181818,11.608240065562873,ok
2.0,-4e-06,0.5,2.0,5e-05,300.0,1.0,80.45454545,47.56636364,548.6363636,100.8181818,54.54090909,768.9090909,104.0,62.79363636,934.4545455,11.971123482918378,ok
2.0,-0.0008,0.5,2.0,5e-05,300.0,1.0,93.81818182,50.73727273,624.1818182,109.7272727,60.88636364,888.0909091,119.2727273,67.86636364,1058.363636,7.381280458652878,ok
1.0,-4e-06,0.5,2.0,5e-05,300.0,1.0,93.81818182,47.56818182,634.9090909,109.0909091,59.61818182,860.7272727,111.6363636,69.76818182,1032.454545,9.616103453078964,ok
1.811288255,-2.37e-05,0.505293969,2.0,5e-05,300.0,1.0,84.90909091,48.20090909,569.1818182,100.1818182,55.81181818,788.5454545,103.3636364,67.86727273,964.1818182,12.316343814147617,ok
1.300557811,-4.56e-05,1.308276002,2.0,5e-05,300.0,1.0,95.09090909,48.20090909,665.0,109.0909091,63.42454545,909.5454545,122.4545455,76.10545455,1149.181818,11.52916118330223,ok
1.3262385,-0.000507134,0.785297909,2.0,5e-05,300.0,1.0,100.1818182,52.64272727,698.5454545,112.9090909,62.15727273,925.5454545,125.6363636,72.93818182,1137.454545,10.14115566194682,ok
2.0,-0.000158509,0.5,2.0,5e-05,300.0,1.0,83.63636364,49.46909091,563.2727273,97.63636364,52.63909091,773.2727273,107.8181818,62.79272727,968.1818182,11.319968924103332,ok
2.0,-0.0008,1.137056268,2.0,5e-05,300.0,1.0,95.09090909,49.47090909,686.2727273,111.0,64.05909091,936.0,123.7272727,77.37545455,1158.727273,12.394405633118152,ok
2.0,-4e-06,1.14666588,2.0,5e-05,300.0,1.0,88.72727273,48.83545455,618.1818182,99.54545455,58.98363636,823.9090909,111.6363636,70.4,1057.909091,10.611362587634838,ok
1.0,-0.000623222,2.0,2.0,5e-05,300.0,1.0,109.0909091,56.44454545,780.1818182,127.5454545,71.67363636,1056.454545,140.9090909,81.81636364,1302.0,20.96101021618979,ok
1.969348151,-2.62e-05,0.643260919,2.0,5e-05,300.0,1.0,81.72727273,48.83545455,566.9090909,102.0909091,55.81,806.0909091,107.8181818,64.69636364,987.0,10.435330056842156,ok
1.99198194,-3.19e-05,1.931660261,2.0,5e-05,300.0,1.0,95.72727273,47.56727273,650.3636364,104.0,63.42545455,897.8181818,113.5454545,73.56727273,1114.181818,12.037850786959314,ok
1.007594918,-1.59e-05,0.7706291,2.0,5e-05,300.0,1.0,95.09090909,49.46909091,659.1818182,106.5454545,62.15636364,903.2727273,115.4545455,69.76727273,1088.636364,9.46061507731764,ok
1.996017956,-0.000450908,0.702837001,2.0,5e-05,300.0,1.0,91.27272727,50.10363636,631.0909091,102.0909091,60.88636364,840.0,116.0909091,67.86545455,1042.181818,8.671573491757059,ok
1.502796276,-0.000290418,1.717138221,2.0,5e-05,300.0,1.0,99.54545455,55.81363636,704.8181818,111.0,62.79,937.1818182,122.4545455,76.10545455,1165.545455,13.175018229807478,ok
1.680928627,-2.03e-05,1.134428374,2.0,5e-05,300.0,1.0,90.0,50.73727273,622.6363636,102.0909091,61.52090909,854.3636364,110.3636364,70.4,1062.454545,11.247728406134282,ok
1.013677041,-4.73e-06,1.959366529,2.0,5e-05,300.0,1.0,97.0,53.27636364,700.2727273,114.1818182,65.32818182,969.2727273,122.4545455,79.27909091,1206.272727,14.777459550452502,ok
1.7599249111631496,-0.0007873201574249,0.5,2.0,5e-05,300.0,1.0,95.72727272727272,52.00727272727274,657.6363636363635,107.1818181818182,62.79000000000001,902.7272727272727,134.54545454545453,60.25181818181819,1098.5454545454545,6.461997336460866,ok
1.812467528392891,-0.0011564102712237,0.5,2.0,5e-05,300.0,1.0,107.8181818181818,45.667272727272746,675.2727272727274,131.99999999999997,55.17545454545454,965.1818181818184,143.45454545454547,64.69363636363637,1174.4545454545453,10.9496854910871,ok
1.724925787359102,-0.0006463900995045,0.5,2.0,5e-05,300.0,1.0,104.63636363636364,42.49454545454547,639.9999999999999,121.81818181818184,55.17545454545456,890.9999999999999,136.45454545454547,60.25181818181819,1081.9090909090908,8.101874374737058,ok
1.8251029731163613,-0.000819678402332,0.5,2.0,5e-05,300.0,1.0,104.0,44.39818181818183,652.4545454545454,124.3636363636364,53.27363636363636,913.5454545454544,135.8181818181818,58.34909090909092,1097.1818181818182,8.684135013268417,ok
3.0,-0.0007278167857755,0.5,2.0,5e-05,300.0,1.0,98.27272727272728,36.78636363636363,603.2727272727271,112.90909090909088,47.56363636363636,804.6363636363637,121.81818181818184,52.00636363636363,977.090909090909,14.203158204980362,ok
1.715686284645614,-0.0008896763046057,0.5,2.0,5e-05,300.0,1.0,104.0,45.03272727272729,658.7272727272726,128.1818181818182,58.98272727272728,958.0909090909088,139.63636363636363,64.69363636363637,1159.3636363636365,8.820972927392262,ok
1.7683882802502846,-0.0007294754785231,0.7433405955891449,2.0,5e-05,300.0,1.0,101.45454545454544,43.12909090909093,635.4545454545456,123.0909090909091,53.27363636363637,899.090909090909,137.0909090909091,59.617272727272734,1105.4545454545453,7.929848374086208,ok
2.079231037890171,-0.0007790089385661,0.5,2.0,5e-05,300.0,1.0,102.09090909090908,41.860909090909104,630.8181818181819,119.2727272727273,52.63909090909091,887.6363636363636,136.45454545454547,59.617272727272734,1085.1818181818182,7.993983569710306,ok
3.0,-4.000000000000097e-06,2.0,2.0,5e-05,300.0,1.0,95.72727272727272,39.32272727272728,609.0,107.8181818181818,43.76272727272727,749.090909090909,118.63636363636364,50.10181818181818,922.9090909090908,15.928407105641243,ok
3.0,-0.0015,2.0,2.0,5e-05,300.0,1.0,101.45454545454544,45.03272727272729,646.0,121.81818181818184,56.44454545454547,918.5454545454544,133.90909090909088,61.52090909090912,1123.090909090909,6.165499315708519,ok
2.9366680147134017,-0.0015,2.0,2.0,5e-05,300.0,1.0,102.72727272727272,41.860909090909104,644.2727272727271,118.63636363636364,54.540909090909096,890.1818181818181,137.0909090909091,59.617272727272734,1127.5454545454547,7.666946492389572,ok
3.0,-0.0015,1.6191695535507984,2.0,5e-05,300.0,1.0,101.45454545454544,45.03272727272729,646.0,121.81818181818184,56.44454545454547,918.5454545454544,133.90909090909088,61.52090909090912,1123.090909090909,6.165499315708519,ok
3.0,-0.0013265012172101,1.83838455472009,2.0,5e-05,300.0,1.0,103.36363636363636,43.12909090909093,640.3636363636361,119.90909090909092,52.00272727272728,892.0,131.36363636363637,53.90909090909091,1064.3636363636365,10.192640962481663,ok
3.0,-0.0015,0.5,2.0,5e-05,300.0,1.0,101.45454545454544,45.03272727272729,646.0,121.81818181818184,56.44454545454547,918.5454545454544,133.90909090909088,61.52090909090912,1123.090909090909,6.165499315708519,ok
3.0,-0.0015,1.0180135056517037,2.0,5e-05,300.0,1.0,101.45454545454544,45.03272727272729,646.0,121.81818181818184,56.44454545454547,918.5454545454544,133.90909090909088,61.52090909090912,1123.090909090909,6.165499315708519,ok
2.6716227034799163,-0.0015,0.5,2.0,5e-05,300.0,1.0,105.27272727272728,45.03090909090911,663.8181818181818,124.3636363636364,56.44454545454547,923.5454545454544,135.1818181818182,60.88636363636365,1125.0,7.864136991090693,ok
3.0,-0.0015,1.0150081224383949,2.0,5e-05,300.0,1.0,101.45454545454544,45.03272727272729,646.0,121.81818181818184,56.44454545454547,918.5454545454544,133.90909090909088,61.52090909090912,1123.090909090909,6.165499315708519,ok
1.6800746368157928,-0.0007638287174731,0.5,2.0,5e-05,300.0,1.0,102.09090909090908,44.39727272727274,644.6363636363636,124.3636363636364,53.90636363636364,894.6363636363636,138.36363636363637,62.79000000000001,1114.2727272727273,7.536123304884819,ok
2.887057534455929,-0.0015,0.5,2.0,5e-05,300.0,1.0,105.2727272727273,42.49454545454547,660.0,121.1818181818182,56.44636363636364,907.8181818181818,135.1818181818182,59.617272727272734,1111.0909090909092,8.14678464443261,ok
2.47428653106108,-0.0015,0.5,2.0,5e-05,300.0,1.0,99.54545454545456,46.93636363636366,641.5454545454546,124.3636363636364,57.07909090909093,945.1818181818182,141.54545454545456,63.42454545454546,1153.1818181818182,6.725646782867321,ok
2.207390641613137,-0.0015,0.5,2.0,5e-05,300.0,1.0,103.36363636363636,45.03272727272729,663.8181818181818,131.36363636363637,58.34818181818184,977.5454545454544,141.54545454545456,62.79000000000001,1176.0,9.613560501899013,ok
3.0,-0.0015,1.0179258967615996,2.008564838702388,5.414060584957733e-05,300.0,1.0,101.45454545454542,43.12727272727273,634.5454545454545,121.81818181818184,50.73454545454545,872.9090909090909,139.63636363636368,58.34818181818182,1079.3636363636365,9.033635948371112,ok
3.0,-0.0015,1.0066804808793075,2.055993048821477,4.701900844306406e-05,300.0,1.0,103.36363636363636,45.66545454545456,656.1818181818181,116.09090909090908,52.004545454545465,874.1818181818181,127.54545454545456,59.617272727272734,1083.5454545454547,7.315955273483994,ok
2.52175775790766,-0.0015,0.5,1.0002125187730546,4.6848109724272605e-05,300.0,1.0,116.72727272727272,36.14909090909091,648.2727272727273,133.27272727272728,48.83545454545456,898.2727272727274,143.45454545454547,56.44454545454548,1108.6363636363635,17.44703313013371,ok
3.0,-0.0015,1.078662832239386,1.8242595707940592,4.7413890295091855e-05,300.0,1.0,104.0,41.22545454545456,653.1818181818182,122.45454545454548,53.90636363636364,900.818181818182,130.72727272727275,55.17545454545454,1083.9999999999998,10.223781666651346,ok
3.1392868614046705,-0.0014999992485655491,1.6951725019659103,1.869121783096107,5.0000013693742763e-05,300.0,1.0,103.36363636363635,44.39818181818183,656.1818181818181,119.90909090909089,50.73545454545454,883.6363636363635,132.63636363636363,56.445454545454545,1067.0,9.1785544427439,ok
2.5261704423717433,-0.0014857612848502761,0.5,2.3456083697719934,5.019895016324409e-05,300.0,1.0,103.99999999999999,48.20363636363638,665.0909090909091,125.63636363636368,57.71363636363638,914.0909090909091,138.36363636363637,65.32818181818182,1159.0909090909092,7.838402591103236,ok
3.018866810109959,-0.0015163452943253687,0.7709276895679786,3.0187900140027186,5.003085402625029e-05,300.0,1.0,97.63636363636363,50.10454545454547,645.3636363636363,115.45454545454544,57.0809090909091,858.9090909090909,120.54545454545455,62.15636363636365,1064.3636363636363,5.998857843016616,ok
3.021621569984919,-0.0015102374288286282,0.73993355920998,2.068496102209351,4.974537251897383e-05,300.0,1.0,102.0909090909091,45.03272727272729,648.5454545454545,119.90909090909092,53.27272727272728,911.4545454545454,133.27272727272725,57.71363636363638,1105.909090909091,7.510562554059036,ok
3.022192459779251,-0.0015062540217611942,0.7361979444931573,1.8345706761407063,5.0302833864704846e-05,300.0,1.0,105.27272727272725,45.03272727272729,661.9090909090909,124.3636363636364,57.07909090909093,926.9090909090909,135.1818181818182,58.98272727272728,1090.181818181818,8.264844727915893,ok
1.8513127208329374,-0.000765892424456128,0.5,1.918420274681514,5.0000000333177675e-05,300.0,1.0,103.36363636363635,43.76454545454547,647.3636363636364,119.90909090909089,52.00363636363636,888.9090909090911,135.8181818181818,58.98272727272728,1095.4545454545453,8.083981521754433,ok
3.011819277950887,-0.0015189845934979256,1.7289836445006481,2.3542078566755,4.9994516290862624e-05,300.0,1.0,98.9090909090909,46.3009090909091,641.5454545454546,111.63636363636365,55.810000000000024,866.6363636363636,128.8181818181818,61.520909090909115,1097.5454545454545,4.111028333561594,ok
3.015001442856276,-0.0015334026869519334,1.9400315672367352,2.115988784124475,4.9982639535399366e-05,300.0,1.0,100.18181818181817,43.76454545454547,637.0909090909091,116.72727272727273,54.540909090909096,872.9090909090909,135.1818181818182,61.5209090909091,1122.5454545454547,5.578770209448784,ok
3.0183419559678013,-0.0015215327439567516,1.6145448430152407,2.688782685319317,5.011911828869611e-05,300.0,1.0,100.18181818181817,50.73909090909092,658.0909090909089,114.81818181818181,59.617272727272756,882.2727272727273,128.1818181818182,62.15545454545455,1089.090909090909,5.457077867688014,ok
3.013091507590736,-0.001518286853176214,1.8114714577878832,2.7970338619373765,4.986106228852727e-05,300.0,1.0,97.0,48.20272727272729,650.4545454545454,114.18181818181819,59.61727272727274,873.181818181818,128.8181818181818,64.05909090909091,1096.2727272727273,3.9322426911067576,ok
3.013080277179205,-0.0015178153186302201,2.0286164764767594,1.5321320724575176,4.992426785144642e-05,300.0,1.0,108.45454545454547,38.69090909090909,653.0,126.27272727272725,52.00272727272728,904.909090909091,135.1818181818182,55.81,1059.0,12.6760245037973,ok
3.0792601319677315,-0.0020362738839146645,2.164743557874058,2.429714972001883,4.2027316370868043e-05,300.0,1.0,97.63636363636364,51.37272727272729,651.3636363636364,118.00000000000001,64.69363636363636,925.2727272727274,131.36363636363635,72.94090909090909,1164.818181818182,10.320375463473203,ok
3.019047227490703,-0.0019253811292596571,1.7021007456872685,2.4494266057602423,5.0058978973189556e-05,300.0,1.0,98.27272727272727,48.83727272727274,661.7272727272727,125.63636363636363,55.8118181818182,926.2727272727273,135.1818181818182,65.32818181818183,1171.1818181818182,6.439137936886976,ok
